date,item_1,item_2,item_3
2012-01-01,8.2531745918,21.047727272727272,19.42973946376865
2012-01-02,22.7778257304,26.578125,28.00986308040715
2012-01-03,27.5490988882,31.751041666666666,32.0789220997037
2012-01-04,25.8955329422,24.567708333333332,27.25227557993816
2012-01-05,21.3792376946,18.191666666666666,20.35773678098677
2012-01-06,21.106642655,17.8125,19.879148338886733
2012-01-07,20.533871462,19.510416666666668,18.04349858331348
2012-01-08,20.0693270298,24.098958333333332,26.28736828235237
2012-01-09,20.006161473800002,20.223958333333332,16.31599676873028
2012-01-10,21.6201836844,19.161458333333332,21.772583555159528
2012-01-11,21.717690791000003,16.042708333333334,18.729747869479752
2012-01-12,21.751747501,14.815624999999999,12.552534456911562
2012-01-13,21.758617446400002,17.03125,18.996208704511034
2012-01-14,20.7841939388,17.009375000000002,18.534326967346463
2012-01-15,18.976196034399997,17.096875,15.418361071190358
2012-01-16,20.2284682756,19.255208333333332,16.30485216479736
2012-01-17,26.6364444274,28.06041666666667,30.076258353349147
2012-01-18,29.2458685446,28.77916666666667,28.886334251997216
2012-01-19,24.7722494256,19.265625,20.286651486721368
2012-01-20,24.0187677944,19.178124999999998,21.36772731370339
2012-01-21,22.5035325476,19.688541666666666,20.248169868842258
2012-01-22,20.794985990999997,21.690625,19.799974640545916
2012-01-23,23.9810374218,25.332291666666666,25.931557725563707
2012-01-24,28.018829877400005,26.675,27.698196107355322
2012-01-25,28.747481664600002,26.61145833333333,30.725004512884738
2012-01-26,23.908368437999997,19.759375000000002,19.573576811595007
2012-01-27,21.4239304588,20.038541666666667,23.310161599819697
2012-01-28,24.7864545244,24.680208333333336,24.959233014659787
2012-01-29,24.6157781496,25.032291666666666,24.39924634182054
2012-01-30,27.388275019199998,28.11145833333333,29.094136401011635
2012-01-31,25.7241906512,21.542708333333334,22.63951329193157
2012-02-01,22.8254907978,16.605208333333334,18.372361779485438
2012-02-02,23.066581719800002,18.59375,21.256449904307104
2012-02-03,23.788065627199998,20.667708333333334,22.430526899855963
2012-02-04,23.360304427800003,21.977083333333336,19.57506661042843
2012-02-05,23.119965756600003,29.040625000000002,31.76762595486902
2012-02-06,21.7637392242,18.979166666666668,20.086270770877157
2012-02-07,23.0085166702,18.459374999999998,21.380185775794487
2012-02-08,22.8610859772,17.295833333333334,17.553806767912373
2012-02-09,22.807789926599998,17.282291666666666,17.36987892085551
2012-02-10,23.424717426599997,20.844791666666666,21.829746393718974
2012-02-11,22.208947112599997,19.858333333333334,16.208510142400858
2012-02-12,19.5587745634,18.446875000000002,25.067214778893955
2012-02-13,20.7883898364,19.239583333333332,21.863615048938964
2012-02-14,23.6192401168,19.903125,17.88745831841441
2012-02-15,25.061150100600003,22.97083333333333,23.00542353934575
2012-02-16,27.646380218399997,28.195833333333336,25.01393931379613
2012-02-17,25.60977195,20.221875,22.14208251294369
2012-02-18,22.5040424446,19.176041666666666,23.67300498559131
2012-02-19,20.838095392200003,21.991666666666664,25.238480276264678
2012-02-20,22.637962987,22.897916666666664,22.35197334330237
2012-02-21,23.850135824,20.078125,19.35612376207191
2012-02-22,23.678745435000003,19.726041666666667,16.096192652084635
2012-02-23,24.265987831999997,20.891666666666666,21.888095959461513
2012-02-24,24.9533822648,19.98125,23.435087198240417
2012-02-25,27.2065857128,29.229166666666668,32.06276721592012
2012-02-26,26.742900888199998,30.306250000000002,30.257562081309672
2012-02-27,27.2119058906,26.478125000000002,28.47914942124612
2012-02-28,25.3556989398,20.226041666666667,16.41675499034538
2012-02-29,23.3459567588,18.714583333333334,23.946044079954927
2012-03-01,23.260237150000002,19.038541666666667,21.823761315027248
2012-03-02,22.811734973600004,17.5125,17.918481963510793
2012-03-03,21.407702272,18.758333333333333,21.657809437040953
2012-03-04,19.596173221,17.542708333333334,13.921145088805186
2012-03-05,20.188509726600003,20.359375,20.873720633309013
2012-03-06,22.5458425954,18.220833333333335,20.857749655521427
2012-03-07,22.696151970800003,17.7,20.498321671156663
2012-03-08,22.766611945199998,17.741666666666667,20.340092461127675
2012-03-09,22.823472523600003,18.75,17.76103461079347
2012-03-10,21.409978510400002,19.382291666666667,24.023619280811534
2012-03-11,18.7804780196,16.818749999999998,17.23505790013548
2012-03-12,18.4799846194,17.613541666666666,23.304312407143616
2012-03-13,20.4090954068,18.345833333333335,23.67252438742841
2012-03-14,24.404154392400002,23.717708333333334,24.878916337051162
2012-03-15,26.133673519,25.958333333333332,21.370544255106175
2012-03-16,24.500688177,22.373958333333334,21.41024534400352
2012-03-17,21.037638422599997,17.352083333333333,19.872777426699837
2012-03-18,18.335044323,17.907291666666666,19.10937682222144
2012-03-19,19.8071191868,17.965625,19.815707878761852
2012-03-20,23.3642008346,21.878125,23.72166782925013
2012-03-21,24.2704655,24.144791666666666,24.21535927049087
2012-03-22,22.397334720799996,14.871875000000001,16.79369971117331
2012-03-23,22.3770453808,16.661458333333332,19.197749405828073
2012-03-24,21.435826856,13.848958333333334,11.380477178943206
2012-03-25,19.1636992004,15.459375,16.514156274654898
2012-03-26,20.4244355022,14.251041666666666,13.486932018421173
2012-03-27,22.374495460400002,16.084374999999998,16.735746285143033
2012-03-28,22.3824745712,16.877083333333335,18.22886076562235
2012-03-29,22.5130677048,17.317708333333332,21.66095410642079
2012-03-30,22.7176141332,19.39375,22.16331350304426
2012-03-31,21.9899188768,23.480208333333334,24.684449055924645
2012-04-01,18.9141604834,19.756249999999998,20.17156766732699
2012-04-02,19.4333584078,16.194791666666667,15.366872165882612
2012-04-03,22.489875347399998,22.329166666666666,21.184551807250145
2012-04-04,23.010899405400004,19.415625000000002,19.934224465324576
2012-04-05,22.95324981,19.435416666666665,19.856887129648047
2012-04-06,21.7024909856,21.276041666666668,21.905719942161376
2012-04-07,18.633246929800002,19.355208333333334,19.575714507627417
2012-04-08,17.9924357934,14.780208333333334,20.766659308477095
2012-04-09,17.9984761658,15.700000000000001,15.770521689556166
2012-04-10,20.6711758698,10.851041666666667,10.201870621844776
2012-04-11,23.0216100086,14.142708333333333,14.670685843668773
2012-04-12,22.680373982,14.293750000000001,15.803991065875477
2012-04-13,22.4408544452,16.01875,12.040846639527071
2012-04-14,21.2501705002,18.153125,19.78015742388183
2012-04-15,18.803908569,20.3625,20.500456694663306
2012-04-16,19.833935798,19.596875,18.794492614743728
2012-04-17,22.5930663404,15.707291666666668,19.01917320075991
2012-04-18,22.5780737352,17.389583333333334,23.036606799514107
2012-04-19,22.8660336198,19.514583333333334,16.99020460449965
2012-04-20,22.980207667200002,18.928124999999998,20.652139391035337
2012-04-21,21.493423485599997,17.671875,23.299726802890433
2012-04-22,18.826894680800002,19.263541666666665,22.266105123891563
2012-04-23,19.6665582646,18.045833333333334,21.535015489542598
2012-04-24,23.0431652088,12.523958333333333,6.000523782223749
2012-04-25,23.2788589992,11.426041666666668,10.99691587416976
2012-04-26,21.732246156000002,13.366666666666667,15.451801246038062
2012-04-27,23.511252995,14.457291666666668,13.953713676954045
2012-04-28,21.8898093356,14.685416666666667,11.358990099921744
2012-04-29,19.293139533599998,16.048958333333335,18.459623858684118
2012-04-30,21.074702156200004,12.101041666666667,11.216041156460303
2012-05-01,23.440673047999997,15.761458333333332,13.951501458411657
2012-05-02,22.8877332928,17.092708333333334,15.03890016505429
2012-05-03,24.710530030999998,10.862499999999999,14.401759501409595
2012-05-04,25.2914279194,12.075000000000001,16.995237322611132
2012-05-05,23.2739668956,12.757291666666667,17.22126533310939
2012-05-06,21.1630798952,11.959375,18.40969271757941
2012-05-07,21.930507258600002,13.017708333333333,12.947887491955058
2012-05-08,24.2502719678,13.994791666666666,14.331326001075816
2012-05-09,22.917606865,18.847916666666666,16.83805942538922
2012-05-10,23.29467637,15.995833333333332,13.420612296198154
2012-05-11,23.3164689192,15.447916666666666,15.490957550486165
2012-05-12,22.7035696774,12.578125,9.612010562703473
2012-05-13,21.208202570599997,12.403125000000001,10.564967067463426
2012-05-14,22.490824319,11.891666666666666,16.739275140425523
2012-05-15,25.126894061399998,12.867708333333333,11.573912234599103
2012-05-16,24.896426365199996,14.417708333333332,15.422564230722644
2012-05-17,24.845545018,12.490625,12.086343052938863
2012-05-18,24.4542468202,13.592708333333334,12.023827906707236
2012-05-19,23.3273268962,14.371875000000001,16.159368995327025
2012-05-20,21.590570483599997,12.077083333333334,11.300426123685574
2012-05-21,22.887637654400002,9.794791666666667,8.266787599653185
2012-05-22,25.285904322,12.408333333333333,11.650694629817416
2012-05-23,24.985603645399998,14.635416666666666,17.614404740367537
2012-05-24,24.1664123056,15.697916666666666,18.635215680657993
2012-05-25,25.181604829,12.336458333333333,15.034849403756697
2012-05-26,25.304266974799997,10.13125,11.107743641287934
2012-05-27,21.5496502366,12.163541666666667,12.69958231424723
2012-05-28,23.0338049696,12.644791666666668,15.26089139484592
2012-05-29,25.720665444799998,12.315624999999999,16.877439026957237
2012-05-30,25.6321276764,12.211458333333333,10.806943326383958
2012-05-31,25.7750124328,11.338541666666666,8.363642375979456
2012-06-01,25.4662397158,11.135416666666666,12.701807827002465
2012-06-02,24.4656374742,10.35,14.690717293743784
2012-06-03,22.3559264114,11.826041666666667,13.610264729002932
2012-06-04,23.494450519999997,11.907291666666666,11.535992577529937
2012-06-05,26.4598717784,12.19375,12.887241480733865
2012-06-06,26.456966851799997,10.822916666666666,12.194046919399288
2012-06-07,25.6085782798,11.927083333333334,10.200713258020759
2012-06-08,25.743020784799995,12.075000000000001,14.077109200253572
2012-06-09,24.356608207599997,11.229166666666666,14.694216659791415
2012-06-10,21.678727928599997,10.542708333333334,13.145304007721034
2012-06-11,21.840024011399997,8.950000000000001,7.379433500300353
2012-06-12,23.503433996400002,7.144791666666666,7.5633956404276255
2012-06-13,25.8328713062,11.120833333333332,9.308419478717065
2012-06-14,25.459941495000002,13.898958333333333,13.10514438104834
2012-06-15,25.6181159278,13.422916666666666,16.498697318716477
2012-06-16,23.8920535294,11.971874999999999,13.902085532073862
2012-06-17,21.425495634199997,12.829166666666666,19.07024982001134
2012-06-18,22.9051527894,11.476041666666667,12.570358321442088
2012-06-19,25.2174641394,12.395833333333334,17.349199931503023
2012-06-20,25.995090222199998,8.653125000000001,11.940423697113488
2012-06-21,26.410366786400004,11.377083333333333,12.299331305017677
2012-06-22,27.1161549844,9.63125,10.004717313583049
2012-06-23,25.376648996,8.497916666666667,9.78820218608448
2012-06-24,22.2411918908,11.592708333333334,10.03686582228077
2012-06-25,22.5137890062,13.225,13.319590006883166
2012-06-26,25.8468239394,10.826041666666667,9.626476188470638
2012-06-27,26.8878967932,7.807291666666667,7.651286622021546
2012-06-28,26.4640796638,10.439583333333333,9.451470565558145
2012-06-29,25.544634833000003,12.947916666666666,14.707942671744922
2012-06-30,24.4228600846,10.159374999999999,4.6707158505695165
2012-07-01,21.846811692599996,8.821875,6.956310628302925
2012-07-02,23.709048563800003,9.142708333333333,13.807752330260383
2012-07-03,25.778488409999998,10.477083333333333,10.176868765732975
2012-07-04,25.5707584322,10.789583333333333,9.02608327771461
2012-07-05,26.181136610799996,9.24375,8.373473868407181
2012-07-06,26.222811905999997,9.03125,7.489886446168935
2012-07-07,25.325063779799997,7.689583333333334,10.244522053085753
2012-07-08,22.6928802748,7.8625,6.207170252092017
2012-07-09,23.38863163,10.775,6.734159786976031
2012-07-10,25.1151045878,13.329166666666666,12.341392953891267
2012-07-11,25.721357685800005,12.809375000000001,15.792848302370095
2012-07-12,25.1214834618,12.760416666666666,14.034542574955285
2012-07-13,25.581272265,11.075000000000001,15.380911712508022
2012-07-14,23.736645533799997,12.354166666666666,15.512318582277556
2012-07-15,21.9716105284,10.440624999999999,11.08772388900383
2012-07-16,22.4901627216,12.643749999999999,16.23793404011822
2012-07-17,24.626635654599998,13.639583333333334,11.830280791899492
2012-07-18,24.5275970938,12.744791666666666,16.770164706780776
2012-07-19,25.8759304394,8.658333333333333,11.82420189411907
2012-07-20,25.4274203748,11.971874999999999,16.68704627197348
2012-07-21,23.8067709416,11.648958333333333,15.060965997956066
2012-07-22,20.811745107,13.253124999999999,11.904916923789091
2012-07-23,22.3364626678,10.019791666666666,11.952260681918478
2012-07-24,25.164625188000002,11.044791666666667,12.850794751351566
2012-07-25,25.276979993799998,11.895833333333334,10.608406740935207
2012-07-26,25.2351928004,12.109375,16.81902910699041
2012-07-27,25.461171783000005,10.913541666666667,12.767751198176216
2012-07-28,24.274381399,10.741666666666667,11.210581899327494
2012-07-29,22.0327833688,10.395833333333334,7.474462871878795
2012-07-30,23.2176895714,9.939583333333333,5.836558139271526
2012-07-31,26.107454218199997,11.134375,11.93582259219584
2012-08-01,25.957419651800002,9.38125,11.843765749485135
2012-08-02,26.25557672,8.364583333333334,5.412380380490497
2012-08-03,26.284470858,10.404166666666667,15.73350112806742
2012-08-04,23.426121302600002,12.612499999999999,16.163573354974368
2012-08-05,20.850396286600002,12.561458333333334,12.77019948177473
2012-08-06,22.5066394846,10.517708333333333,15.264224832290314
2012-08-07,25.747194815199997,9.738541666666666,8.068713775948176
2012-08-08,24.8546423658,12.457291666666668,14.036792822600223
2012-08-09,26.453086604,9.416666666666666,13.47855824641194
2012-08-10,26.532771943200004,9.801041666666666,12.674773651900864
2012-08-11,24.1396911864,11.461458333333333,10.46076188425476
2012-08-12,21.420276448000003,11.496875000000001,14.077610175444754
2012-08-13,22.7020201208,10.127083333333333,12.20994517346152
2012-08-14,24.798267351,12.440624999999999,14.205490428473713
2012-08-15,25.990400126399997,9.764583333333333,10.499026164799227
2012-08-16,25.5178683234,10.707291666666668,13.946910001762209
2012-08-17,25.1689818444,11.247916666666667,12.950536479767294
2012-08-18,24.6561730966,10.137500000000001,11.101493205871805
2012-08-19,22.110210344,10.767708333333333,9.896861274210499
2012-08-20,22.5903087876,10.93125,11.360348477708902
2012-08-21,25.0621318878,10.721874999999999,10.607203468975216
2012-08-22,24.4706377008,14.645833333333334,15.644816054033283
2012-08-23,23.411592154599997,17.102083333333333,17.40777396933354
2012-08-24,24.436786880200003,11.414583333333333,13.195638289787757
2012-08-25,24.0994181748,10.564583333333333,12.690424620744707
2012-08-26,21.3151554078,11.351041666666667,8.638454655098482
2012-08-27,22.374404274999996,11.016666666666666,10.587368872814778
2012-08-28,24.4790478312,11.5375,9.493024825027014
2012-08-29,23.6381878986,14.581249999999999,12.912393885063477
2012-08-30,23.644096074000004,13.108333333333334,11.2883317606957
2012-08-31,25.3371735224,9.807291666666666,11.373123130027208
2012-09-01,23.4395196406,11.058333333333332,11.711880415215127
2012-09-02,20.6340670568,10.222916666666666,12.41603969653833
2012-09-03,20.364928285799998,13.865625,11.439008552848115
2012-09-04,22.604875978400003,17.046875,19.74898150907103
2012-09-05,21.8775907762,19.403125,23.789754387779737
2012-09-06,22.757590247400003,15.732291666666667,13.756329583011787
2012-09-07,23.1410808076,12.723958333333334,11.18545941812047
2012-09-08,22.9837732394,11.815624999999999,17.018083702623777
2012-09-09,20.450432912000004,12.046875,14.51521174359574
2012-09-10,20.622332756600002,12.376041666666666,16.229889448661147
2012-09-11,23.036695748199996,13.058333333333332,11.64436329372316
2012-09-12,22.4834585682,15.902083333333332,14.762504548575029
2012-09-13,22.680225495,14.232291666666667,14.157005224242377
2012-09-14,23.994701621,10.296875,12.820937398117731
2012-09-15,22.821443682,12.533333333333333,14.496233229032285
2012-09-16,20.0332850618,11.65625,18.147555574207853
2012-09-17,20.910270742599998,13.032291666666666,12.256245693785424
2012-09-18,23.315746590000003,12.504166666666668,11.694530862422546
2012-09-19,23.8661304146,12.823958333333332,14.157093159085345
2012-09-20,22.9896570056,14.130208333333334,10.393753198751094
2012-09-21,22.397139796799998,18.014583333333334,20.556347001859926
2012-09-22,21.7856012186,14.173958333333333,15.036580220134287
2012-09-23,18.6769571768,16.34375,13.311027568290667
2012-09-24,19.8946307786,12.588541666666666,16.58275470942637
2012-09-25,23.2427988222,10.520833333333334,11.26185076476764
2012-09-26,22.5544584556,12.654166666666667,11.184461693908542
2012-09-27,21.8187281364,19.815625,19.213694856937057
2012-09-28,21.7851023304,19.664583333333333,19.45021537983237
2012-09-29,22.0769491848,11.201041666666667,16.787241139170032
2012-09-30,20.2617589204,9.860416666666667,9.459121611104939
2012-10-01,20.696187235,12.294791666666667,10.890980725229497
2012-10-02,22.5536297012,14.072916666666666,12.881092491182008
2012-10-03,21.9408700052,14.85,17.423710195331225
2012-10-04,21.6885457442,21.060416666666665,22.84898265896549
2012-10-05,22.029884757199998,19.329166666666666,20.192471338974922
2012-10-06,20.8699909296,13.810416666666667,15.931014935588175
2012-10-07,21.0225014874,9.9375,13.437538823607094
2012-10-08,21.0877935678,11.81875,12.599132025384074
2012-10-09,23.3213394242,12.022916666666667,7.538758407718642
2012-10-10,23.110902270599997,12.166666666666666,16.808728677135445
2012-10-11,23.4169565806,10.708333333333334,10.7080496680052
2012-10-12,24.372083969000002,11.441666666666668,14.19467873275327
2012-10-13,22.085209806399998,11.9375,15.070725651178554
2012-10-14,19.150265648,12.518749999999999,14.398728466405508
2012-10-15,19.0908955094,17.858333333333334,18.188534146969033
2012-10-16,21.6590459002,17.445833333333333,15.613096387516919
2012-10-17,22.5915541806,13.03125,10.673970117445881
2012-10-18,22.3563134018,13.345833333333333,15.158079586081737
2012-10-19,22.135585255000002,16.120833333333334,16.20804582952249
2012-10-20,20.9282934408,18.03125,18.83883905780264
2012-10-21,18.2897373342,15.966666666666667,12.779458142720028
2012-10-22,20.0935579972,12.889583333333334,15.037217077625307
2012-10-23,22.025452828200002,13.770833333333334,12.158081966037198
2012-10-24,21.729651159000003,18.20625,17.74339037250831
2012-10-25,21.8435635346,21.095833333333335,21.345719195201482
2012-10-26,22.033768628799997,13.875,12.43325023589084
2012-10-27,21.1941365916,11.827083333333334,11.303363793780726
2012-10-28,19.028029574,13.049999999999999,12.757250129154126
2012-10-29,19.3777200954,13.839583333333332,13.433262218499433
2012-10-30,21.869850743200004,19.466666666666665,23.488412094616308
2012-10-31,23.0926965716,25.18958333333333,28.36047144099796
2012-11-01,23.0651394006,21.789583333333336,21.781450974504985
2012-11-02,22.240700436799997,12.679166666666667,9.771614078868437
2012-11-03,20.6833436162,13.345833333333333,8.86232349244727
2012-11-04,18.097704553199996,17.08125,19.169281058620882
2012-11-05,19.322384472,25.589583333333334,28.072073640745877
2012-11-06,20.5814240308,23.90625,21.651445950775422
2012-11-07,19.921317158,18.006249999999998,19.652979707634447
2012-11-08,21.8297204096,16.287499999999998,18.605354611246806
2012-11-09,21.519917834,16.837500000000002,17.44845818309804
2012-11-10,20.3183574494,12.88125,18.20602910383211
2012-11-11,17.831235543200002,14.722916666666668,15.45322473984215
2012-11-12,19.2779662938,22.650000000000002,22.57566723581739
2012-11-13,21.649328924,16.085416666666667,14.06516110207393
2012-11-14,21.6237315878,14.710416666666667,18.679252424281795
2012-11-15,21.590910132000005,15.152083333333332,15.761880113396685
2012-11-16,22.083428699400002,15.268749999999999,16.66789780260741
2012-11-17,20.628981711,15.035416666666668,15.760415976851675
2012-11-18,18.4522189254,14.450000000000001,16.2766542210528
2012-11-19,19.401737065,15.3375,18.399439548710557
2012-11-20,21.7218424306,18.20625,17.524287937302635
2012-11-21,22.613735749,23.672916666666666,27.88727254251952
2012-11-22,21.946577514599998,15.68125,16.049964848866527
2012-11-23,21.9925537236,16.743750000000002,14.44087167812214
2012-11-24,21.1172732568,17.90625,19.10031246958145
2012-11-25,20.1105975826,23.83125,24.120059218490763
2012-11-26,20.1224432598,16.889583333333334,18.186262070123984
2012-11-27,22.469996276000003,18.091666666666665,18.582111361911394
2012-11-28,22.7550054584,18.547916666666666,18.74012982036987
2012-11-29,25.1752564154,23.29375,25.604333616971708
2012-11-30,30.5417145448,30.506249999999998,27.480867531334198
2012-12-01,23.623102335400002,21.854166666666668,24.661389519874888
2012-12-02,19.095354309399998,18.870833333333334,19.957811002465714
2012-12-03,19.2937894094,16.866666666666667,18.09046595882939
2012-12-04,21.4018768114,16.354166666666668,21.42859682786021
2012-12-05,21.429052579199997,14.589583333333332,14.534917231275054
2012-12-06,21.9121682512,15.083333333333334,18.641118030080293
2012-12-07,21.9118565824,17.791666666666668,21.664596400058958
2012-12-08,22.780797231599998,26.16875,23.384640201280593
2012-12-09,21.0020066382,21.849999999999998,23.319712719829774
2012-12-10,19.334165672199997,16.306250000000002,16.550349958492824
2012-12-11,21.862210451,17.695833333333333,17.44618875476958
2012-12-12,23.3624330436,21.724999999999998,20.9912658584696
2012-12-13,27.1295760268,28.820833333333336,26.075988304435885
2012-12-14,26.527336180999995,22.90416666666667,22.0932961495888
2012-12-15,22.242212415,21.072916666666668,17.208934882402662
2012-12-16,19.1645580548,19.787499999999998,19.724623180645406
2012-12-17,19.4668481532,16.735416666666666,19.402660125996398
2012-12-18,21.771749749,17.008333333333333,16.85569409633471
2012-12-19,23.1942801438,22.422916666666666,23.715492466496716
2012-12-20,23.223317437,20.852083333333333,18.245079137127526
2012-12-21,21.265142236000003,17.689583333333335,19.42400313724777
2012-12-22,19.597958605400002,17.554166666666667,13.84907271406586
2012-12-23,19.6242275512,22.272916666666664,25.268834143220932
2012-12-24,24.5001328552,31.443749999999998,33.066631398342935
2012-12-25,18.806694821,18.445833333333333,19.749006599659882
2012-12-26,16.0347108184,16.9875,19.031794827645356
2012-12-27,17.6746828956,19.014583333333334,22.95129747605607
2012-12-28,19.4603921788,19.789583333333333,20.10808799052246
2012-12-29,18.0934882676,17.345833333333335,16.83130110748253
2012-12-30,17.1728125748,17.864583333333332,20.463424216782656
2012-12-31,17.4704751536,17.252083333333335,17.528752935210253
2013-01-01,18.024529791200003,18.95625,16.28885998319257
2013-01-02,18.3158806756,19.258333333333333,21.399160687030744
2013-01-03,20.0120881086,18.333333333333332,16.546370255217543
2013-01-04,25.808856367999997,30.358333333333334,32.10759645452834
2013-01-05,28.974682494600003,31.666666666666668,30.118885921736076
2013-01-06,20.3294962896,20.622916666666665,19.33030244256622
2013-01-07,20.8359029976,20.933333333333334,23.488041992646394
2013-01-08,25.8878954934,23.639583333333334,24.62596636965697
2013-01-09,22.452563425799998,18.933333333333334,21.51009614706257
2013-01-10,20.653292479199997,17.295833333333334,16.243566102409087
2013-01-11,22.44148751,22.633333333333336,22.135526681476662
2013-01-12,23.6071042938,23.089583333333334,25.391226547327037
2013-01-13,18.308102711,18.995833333333334,17.803765903778178
2013-01-14,18.8518769764,16.697916666666668,19.236203970837845
2013-01-15,21.228644446399997,17.3125,21.200555851536734
2013-01-16,22.8062698626,20.64375,22.894529312973724
2013-01-17,23.743070432,20.599999999999998,20.817620067408463
2013-01-18,29.564630391999998,32.56875,31.32779776321155
2013-01-19,22.3490543574,19.433333333333334,18.40625220170103
2013-01-20,18.684213429,18.493750000000002,18.824536813590548
2013-01-21,20.7999837802,20.345833333333335,17.961081979398383
2013-01-22,24.30391743,20.410416666666666,26.152081516951714
2013-01-23,22.9987013048,20.170833333333334,23.778443386545668
2013-01-24,22.8677402936,19.943749999999998,19.621937971064195
2013-01-25,27.5498867004,30.045833333333334,32.075350904466355
2013-01-26,21.8508436174,19.072916666666668,21.69055022852282
2013-01-27,18.598854763200002,18.056250000000002,17.99441372059988
2013-01-28,18.6586276642,19.443749999999998,18.324916758739324
2013-01-29,20.247139338399997,19.029166666666665,15.810813958696055
2013-01-30,21.7268122112,16.935416666666665,19.08122916026833
2013-01-31,22.877048257600002,21.875,18.93096345572624
2013-02-01,22.632226591,16.260416666666668,18.19765999182775
2013-02-02,20.4127941908,16.829166666666666,17.134155981738253
2013-02-03,18.4245807828,18.658333333333335,20.266954896773143
2013-02-04,20.043775319799998,19.818749999999998,19.985578549360937
2013-02-05,22.400917541,18.625,21.43058833831842
2013-02-06,24.0787033878,22.33125,21.334609381606004
2013-02-07,27.7992220814,28.402083333333334,29.629968049446635
2013-02-08,26.208623714199998,22.35625,19.73702256656306
2013-02-09,23.586189130199998,22.083333333333332,22.611534178757957
2013-02-10,20.1976991934,21.208333333333332,24.2213140705707
2013-02-11,19.7610672436,18.814583333333335,17.89958490938338
2013-02-12,22.924894851799998,20.447916666666668,18.05855616940789
2013-02-13,23.5969517786,20.639583333333334,24.468025266966833
2013-02-14,25.614400025,25.066666666666666,28.555644441766578
2013-02-15,25.922559767399996,25.49791666666667,27.47040778605452
2013-02-16,24.8842400096,25.214583333333334,22.52247761805944
2013-02-17,23.286704246600003,27.49791666666667,28.537491816500598
2013-02-18,25.549610305799998,28.21875,28.943876788901107
2013-02-19,29.897217064000003,28.8,31.291337369719283
2013-02-20,23.1039695068,18.095833333333335,20.670469547192297
2013-02-21,23.7174983884,21.791666666666668,19.85709033968036
2013-02-22,24.9994791066,24.06041666666667,23.02892303673477
2013-02-23,24.3539933356,25.53125,26.270171236747384
2013-02-24,22.4207645604,25.722916666666666,30.551058526201636
2013-02-25,25.16295741,27.72083333333333,26.55657660947812
2013-02-26,27.116945085800005,21.941666666666666,18.717053385328022
2013-02-27,25.1637968054,23.522916666666664,23.313721562486105
2013-02-28,23.1230330648,18.635416666666668,20.496876077554635
2013-03-01,21.2697143996,17.195833333333333,19.76665910153657
2013-03-02,20.116006983400002,18.814583333333335,18.556810651997896
2013-03-03,18.3460774808,20.256249999999998,21.647081199176363
2013-03-04,20.903590682999997,21.525000000000002,19.688614384203678
2013-03-05,25.243886545400002,24.71666666666667,24.884263733230284
2013-03-06,26.3593063846,25.681250000000002,22.357553144523727
2013-03-07,28.157497764400002,27.90833333333333,32.475145821971864
2013-03-08,28.996191852800003,26.504166666666666,24.565840350117043
2013-03-09,27.640347323599997,28.264583333333334,30.35338949659542
2013-03-10,25.1063346472,29.195833333333336,31.813104817902722
2013-03-11,23.8259519448,25.7375,25.704527368950963
2013-03-12,27.960198791400003,30.131249999999998,30.503316499588227
2013-03-13,31.6222138122,30.45625,31.427376464822604
2013-03-14,23.970370659799997,20.10625,16.875737581809858
2013-03-15,22.8248873318,19.958333333333332,19.99539294067952
2013-03-16,21.4233316476,19.53125,19.694902729921253
2013-03-17,18.8857893026,15.549999999999999,17.893223430705618
2013-03-18,20.0626241794,15.387500000000001,14.837308137318992
2013-03-19,22.3031921954,16.5,21.353924378670783
2013-03-20,22.4120046094,18.164583333333333,20.79623315635324
2013-03-21,23.446223444599998,24.395833333333332,23.576437706504613
2013-03-22,22.557371074,19.277083333333334,20.401416233356148
2013-03-23,21.131864759000003,17.54375,20.109912166667275
2013-03-24,18.985768054599998,20.29375,19.506267737010827
2013-03-25,20.2513994986,19.352083333333333,24.35889907696607
2013-03-26,22.810354618599998,19.933333333333334,20.076208737453793
2013-03-27,24.6684756638,25.795833333333334,25.774294216274935
2013-03-28,26.279729075,24.2,23.199031547047174
2013-03-29,20.104703825999998,14.65625,15.811343299710744
2013-03-30,17.9840405872,15.21875,16.391151239434098
2013-03-31,18.1528130746,18.045833333333334,24.733155321536678
2013-04-01,17.946394819200002,14.679166666666667,18.32027256066203
2013-04-02,19.4349743072,17.758333333333333,19.899760325855674
2013-04-03,21.849795058399998,16.327083333333334,18.86899238272446
2013-04-04,22.0238633048,13.916666666666666,13.672804897005
2013-04-05,21.9281633586,15.152083333333332,20.24262413382108
2013-04-06,20.747670390400003,18.227083333333333,16.179080098736033
2013-04-07,18.582202721199998,21.164583333333333,20.691293740511863
2013-04-08,19.8204549028,20.150000000000002,20.061017753573452
2013-04-09,22.3801940826,17.972916666666666,15.671607597078621
2013-04-10,22.422868307600005,17.304166666666667,18.581358993427106
2013-04-11,22.425635587800002,18.95,18.67475771402022
2013-04-12,22.5292830044,15.270833333333334,15.864381236127034
2013-04-13,21.54233428,21.316666666666666,19.564745393361076
2013-04-14,19.2372735686,20.035416666666666,16.711186698871344
2013-04-15,19.9458689864,16.902083333333334,13.868549517407988
2013-04-16,22.650668695,14.014583333333334,10.049708501440868
2013-04-17,22.583731071399995,15.541666666666666,19.73090168491635
2013-04-18,22.9178805376,14.708333333333334,14.504860989194633
2013-04-19,23.1531151068,13.487499999999999,13.453217879131907
2013-04-20,21.678135599,12.856250000000001,12.949388496596907
2013-04-21,19.3907813484,12.677083333333334,11.96002480240781
2013-04-22,20.147805296599998,15.983333333333334,17.774077343437426
2013-04-23,22.917588839,14.933333333333332,17.067091090897218
2013-04-24,22.6984397228,15.529166666666667,12.76314015736698
2013-04-25,21.6189338928,14.739583333333334,19.57605375317673
2013-04-26,19.6150136352,17.7375,19.39343725925701
2013-04-27,20.428064365599997,18.164583333333333,21.07225692434074
2013-04-28,18.4237159956,21.402083333333334,21.900931803763427
2013-04-29,20.282868769799997,14.979166666666666,22.804685732359285
2013-04-30,23.210648166,13.302083333333334,11.9766389549392
2013-05-01,23.5776188602,13.510416666666666,17.83494054529745
2013-05-02,24.371732667,11.739583333333334,10.9084798192022
2013-05-03,23.5878621272,13.75625,11.954305493859811
2013-05-04,21.7107051306,16.1875,17.23090143256546
2013-05-05,19.951249565599998,13.18125,16.32257948999427
2013-05-06,21.4204391032,11.564583333333333,11.429270825616308
2013-05-07,23.4399246666,13.108333333333334,16.52577912163631
2013-05-08,23.7556231562,14.6,16.3517010494912
2013-05-09,22.997666002,18.477083333333333,19.988854981386652
2013-05-10,22.634085904400003,18.402083333333334,23.362217359812156
2013-05-11,21.4835266042,18.702083333333334,19.145971325840588
2013-05-12,18.7324696214,20.122916666666665,17.36641880384172
2013-05-13,19.8070094076,17.289583333333333,12.489686373308981
2013-05-14,23.373569179999997,11.25625,8.313498380439825
2013-05-15,24.4361006856,11.089583333333332,11.629911412691122
2013-05-16,24.282428154199998,12.69375,13.534531112658016
2013-05-17,24.7263514012,11.775,16.103784845495774
2013-05-18,23.0478321472,12.391666666666666,13.476825214214902
2013-05-19,21.0492688498,11.352083333333333,11.130758874191528
2013-05-20,21.5345623266,13.208333333333334,16.978579034288153
2013-05-21,25.206151008599996,11.322916666666666,9.37136945939159
2013-05-22,24.6033329586,10.9125,12.525768944256134
2013-05-23,25.326306410199997,10.5625,9.8502296754101
2013-05-24,24.710026288599998,11.485416666666666,11.8404289790294
2013-05-25,23.058671578,12.625,16.678320612841464
2013-05-26,20.2462330404,14.533333333333333,16.825832295846965
2013-05-27,21.554625033,13.75,15.445236873740548
2013-05-28,24.7604349174,10.764583333333334,10.214497909330259
2013-05-29,24.418712178200003,13.591666666666667,15.592069240956361
2013-05-30,23.7587680122,15.922916666666666,16.17101984518037
2013-05-31,24.3761139822,14.635416666666666,12.524327483698364
2013-06-01,22.296737815599997,15.747916666666667,19.2269171585569
2013-06-02,20.5943481602,13.520833333333334,18.402695281298534
2013-06-03,21.816867514800002,13.239583333333334,12.66355616404105
2013-06-04,24.665252594400002,13.364583333333334,13.824306940616287
2013-06-05,24.556265498600002,13.435416666666667,11.180119449592521
2013-06-06,24.831305123400004,13.2875,12.448198481384305
2013-06-07,24.038751941599998,14.322916666666666,16.020704090502182
2013-06-08,23.4380489012,9.55625,9.958765491249801
2013-06-09,21.0940437238,10.25,9.193347323965977
2013-06-10,21.171607802399997,10.575000000000001,13.570975517790146
2013-06-11,22.116126130399998,13.116666666666667,14.757588129855876
2013-06-12,24.9769018576,12.200000000000001,14.834544012743837
2013-06-13,25.670742889800003,11.802083333333334,8.432252684345933
2013-06-14,25.571852681,11.954166666666666,9.94148390131133
2013-06-15,24.183350597,11.664583333333333,8.748372333929439
2013-06-16,21.7436572584,11.229166666666666,16.594630132058484
2013-06-17,22.801628377999997,10.177083333333334,15.160366479471392
2013-06-18,26.079717550400005,10.733333333333334,11.28422459863584
2013-06-19,25.5471327868,10.304166666666667,12.630059244088052
2013-06-20,25.9762900066,8.372916666666667,10.270629896311325
2013-06-21,26.0511847712,8.116666666666667,9.106453571404801
2013-06-22,24.2269730964,8.229166666666666,8.461586327165088
2013-06-23,21.6257622174,7.854166666666667,11.24790653947899
2013-06-24,23.019169550199997,7.6937500000000005,6.519975268134784
2013-06-25,26.5476266246,9.322916666666666,4.254934588907259
2013-06-26,25.7873027218,9.402083333333334,10.06235586609984
2013-06-27,25.8796231306,9.916666666666666,9.48954948642764
2013-06-28,25.360637926,11.4375,10.826342685784896
2013-06-29,23.57291176,11.297916666666666,14.657441018845967
2013-06-30,21.725561818400003,8.870833333333334,15.741618527853596
2013-07-01,21.479816633,14.3375,14.680085649074359
2013-07-02,24.063500146199996,14.46875,17.949371722502576
2013-07-03,23.5908596852,13.86875,10.580502927553823
2013-07-04,23.9024382158,12.272916666666667,16.104806700962
2013-07-05,24.7078881108,12.545833333333334,12.369020601048849
2013-07-06,23.5143234952,11.435416666666667,12.368199436720053
2013-07-07,21.320962285,10.347916666666666,8.525592782325035
2013-07-08,22.684066823000002,8.602083333333333,12.676543810434005
2013-07-09,25.8172031214,8.316666666666666,6.832541066828561
2013-07-10,26.221985948,8.025,3.139216480451598
2013-07-11,25.8124219384,8.793750000000001,7.5650974937206374
2013-07-12,25.8561648162,10.091666666666667,9.597523170879906
2013-07-13,23.332748581599997,12.5375,16.40219357397064
2013-07-14,21.199659834600002,13.695833333333333,10.182065714264315
2013-07-15,21.93862572,14.356250000000001,21.066674263630315
2013-07-16,23.822886881400002,14.435416666666667,15.129469881569626
2013-07-17,23.924934649399997,13.708333333333334,12.572599913613303
2013-07-18,23.444703810000004,15.616666666666667,15.759102030226602
2013-07-19,22.9582290338,17.247916666666665,22.826871077664123
2013-07-20,22.4420703046,11.883333333333333,12.696469061305343
2013-07-21,22.441276878799997,6.947916666666667,11.05946885138211
2013-07-22,23.1096804508,8.200000000000001,6.999066848097276
2013-07-23,25.9542431106,10.585416666666667,8.740996192624475
2013-07-24,25.703532463,11.81875,14.449260942884251
2013-07-25,25.6066265026,10.295833333333333,11.390303724043747
2013-07-26,25.8448192152,10.135416666666666,13.185560650315125
2013-07-27,23.326378331599997,11.452083333333334,19.2422580069046
2013-07-28,20.5631817784,13.120833333333332,13.988932940998152
2013-07-29,21.614786661799997,14.460416666666667,16.220338320840945
2013-07-30,23.3208230474,14.258333333333333,15.31180955549722
2013-07-31,24.6141566156,9.935416666666667,9.865859111733217
2013-08-01,24.685968153599998,10.754166666666668,11.927343518002875
2013-08-02,24.50001676,10.793750000000001,8.363912191402127
2013-08-03,24.1986215384,9.608333333333333,11.645026402871435
2013-08-04,21.731019849600003,9.987499999999999,9.989098227950132
2013-08-05,22.062135992199998,12.208333333333334,14.38325050745243
2013-08-06,24.3980765278,13.477083333333333,11.764595457939006
2013-08-07,24.719450654,11.206249999999999,11.594171638123678
2013-08-08,25.6443160762,9.535416666666666,11.373325505620727
2013-08-09,25.1523417328,10.879166666666668,9.399526652841804
2013-08-10,24.8751721508,10.799999999999999,11.49972536220426
2013-08-11,20.3416219498,12.516666666666666,12.125245191098406
2013-08-12,21.079127844200002,13.366666666666667,12.920203127056766
2013-08-13,24.792926898799998,10.810416666666667,12.167750622517138
2013-08-14,23.9095121596,13.145833333333334,18.239434929243707
2013-08-15,25.338252576200002,10.06875,11.96227854999962
2013-08-16,23.960683094,12.9375,12.606242836108741
2013-08-17,22.029780351,13.331249999999999,12.206108172245278
2013-08-18,20.286236552200002,12.366666666666667,10.72525726462451
2013-08-19,21.586961094799996,11.966666666666667,11.958359831096363
2013-08-20,25.7380256104,8.108333333333333,4.481162721381328
2013-08-21,25.7475216622,9.383333333333333,8.472501426431657
2013-08-22,24.932827754599998,11.325000000000001,11.529787466300075
2013-08-23,24.8276801988,12.729166666666666,13.806164445125411
2013-08-24,23.563954164800002,12.625,9.992274093562889
2013-08-25,20.430954307200004,13.739583333333334,19.4002743802302
2013-08-26,21.0903866402,14.333333333333334,19.00954232498681
2013-08-27,23.316987818599998,14.310416666666667,20.23474987050654
2013-08-28,22.717005765400003,15.65625,18.426397072215828
2013-08-29,22.201770491199998,18.116666666666667,17.78584731278488
2013-08-30,22.3549469362,17.645833333333332,20.048678370669357
2013-08-31,20.8105391058,14.922916666666666,15.514647736603864
2013-09-01,17.9646225814,17.783333333333335,18.555565349312857
2013-09-02,18.708520698,19.202083333333334,21.63790726921537
2013-09-03,21.5623396324,15.481250000000001,16.317405601560072
2013-09-04,21.712378450000003,19.73125,22.033016014915088
2013-09-05,21.960649594000003,21.98125,23.360233666828854
2013-09-06,22.499712851399998,14.439583333333333,13.694670953910308
2013-09-07,21.505596868199998,13.104166666666666,13.657304987843506
2013-09-08,18.935162203199997,13.0875,13.409381995092703
2013-09-09,19.501714405599998,15.068750000000001,15.242804573822337
2013-09-10,21.687569928200002,17.829166666666666,18.270963207075578
2013-09-11,22.492970316999997,13.208333333333334,15.249931602985484
2013-09-12,22.829296437000004,12.577083333333334,14.519697810891426
2013-09-13,23.5357079956,9.527083333333334,10.540908739150321
2013-09-14,22.2263770394,12.595833333333333,15.570760704382307
2013-09-15,18.8306987562,14.125,12.941777305684248
2013-09-16,19.1905101246,17.333333333333332,18.33194219064863
2013-09-17,23.1469724396,13.775,14.888509613628884
2013-09-18,22.213318463,15.258333333333333,18.048968002520105
2013-09-19,23.0611553374,13.043750000000001,14.149275924226165
2013-09-20,23.139219082399997,13.358333333333334,9.915639322111879
2013-09-21,21.880669367000003,11.547916666666666,10.63634837194707
2013-09-22,18.664872529,15.310416666666667,15.582796368393888
2013-09-23,19.05293193,15.254166666666668,16.19348173913423
2013-09-24,21.422719866,20.385416666666668,19.723501575167262
2013-09-25,21.330460388800002,20.054166666666667,26.547402485815542
2013-09-26,21.5057929664,17.364583333333332,14.819687885828731
2013-09-27,22.541237557800002,11.75625,10.667972222179475
2013-09-28,20.4467091862,14.279166666666667,14.50041693492923
2013-09-29,18.8874140498,12.122916666666667,18.022764930725856
2013-09-30,18.616604556600002,18.395833333333332,23.44367846783219
2013-10-01,21.505360162400002,19.985416666666666,14.674544406551245
2013-10-02,22.027827206799998,12.65,11.485439588606486
2013-10-03,22.6746116352,12.060416666666667,14.112892649149938
2013-10-04,22.437362105,11.420833333333334,6.228988204928703
2013-10-05,20.124942474599997,16.752083333333335,15.43737429744572
2013-10-06,18.1510380592,17.0125,18.42656901842668
2013-10-07,19.675827163,12.660416666666668,11.833317284645217
2013-10-08,21.5586782558,14.214583333333332,15.393733124156412
2013-10-09,21.230821630599998,16.962500000000002,18.251990902609645
2013-10-10,21.6136767176,22.152083333333334,26.01839607369467
2013-10-11,22.2738411522,12.983333333333334,15.164601199726516
2013-10-12,19.8125035232,16.058333333333334,17.983303548227617
2013-10-13,17.5573526298,18.585416666666667,24.68823232306366
2013-10-14,20.5784620412,10.766666666666666,11.955977546681762
2013-10-15,22.722556105600002,11.741666666666667,6.693035035037254
2013-10-16,21.6461758666,15.904166666666667,16.18442623061328
2013-10-17,21.4465325134,18.983333333333334,16.321985396952485
2013-10-18,22.6397383938,10.870833333333332,11.396412560186041
2013-10-19,19.9667101374,17.352083333333333,20.801806816952595
2013-10-20,17.9224340574,21.712500000000002,24.326402120317677
2013-10-21,19.868341696199998,21.2625,23.046373024561845
2013-10-22,22.425305067,13.935416666666667,19.57048145514522
2013-10-23,22.8474867834,14.527083333333332,19.62500327458369
2013-10-24,22.8026517666,11.5625,12.823550109903623
2013-10-25,23.260625045799998,10.891666666666666,14.925207565571323
2013-10-26,21.462077989,12.939583333333333,11.149199679668484
2013-10-27,19.0881645346,13.270833333333334,17.668336762884977
2013-10-28,20.38926756,13.966666666666667,17.726167223931274
2013-10-29,22.6538825034,14.170833333333334,15.488851726654012
2013-10-30,22.6255144254,14.310416666666667,17.17990395061664
2013-10-31,22.401999382,14.616666666666667,19.212217405431552
2013-11-01,21.989232213,13.977083333333333,18.12627027372372
2013-11-02,20.167833960400003,17.21875,19.2989974891574
2013-11-03,18.1660813998,18.345833333333335,18.06781898268702
2013-11-04,19.179661458600002,13.379166666666668,21.01940631226877
2013-11-05,19.6133813384,13.575000000000001,15.59964422783559
2013-11-06,19.4519734706,19.09375,21.727181783531346
2013-11-07,22.6518881482,24.84166666666667,29.53418982293156
2013-11-08,22.4025054078,16.627083333333335,17.04220690897027
2013-11-09,21.1433868784,13.760416666666666,13.89269520052702
2013-11-10,18.8179418772,13.143749999999999,10.720922091365779
2013-11-11,19.8265757368,13.864583333333334,16.248549135994097
2013-11-12,22.5978909446,14.481250000000001,16.930567863989506
2013-11-13,23.450107618400004,12.137500000000001,17.345030265841263
2013-11-14,23.7061994572,13.135416666666666,11.919936964458909
2013-11-15,22.611671502,14.108333333333334,12.170584894314441
2013-11-16,20.906130108,14.549999999999999,10.474236997333136
2013-11-17,18.4348197112,14.543750000000001,14.241009138328318
2013-11-18,19.3849222442,15.950000000000001,15.02835113108086
2013-11-19,22.2904103064,22.08125,26.328749063604896
2013-11-20,22.7004827376,19.047916666666666,20.247422223124737
2013-11-21,22.2540612832,14.895833333333334,17.35152379510456
2013-11-22,21.688987484800002,17.34375,17.282892032661138
2013-11-23,20.2296783316,16.618750000000002,19.772978930680594
2013-11-24,18.205187888999998,15.170833333333334,15.584937809910626
2013-11-25,19.219787292200003,15.945833333333333,16.643853390419665
2013-11-26,21.151006227,16.733333333333334,20.78714099054226
2013-11-27,22.2130235754,22.597916666666666,24.304677819821496
2013-11-28,24.5040198624,27.81458333333333,24.944131109942262
2013-11-29,22.151012553,15.75,13.865886596315175
2013-11-30,20.4013711498,15.075000000000001,14.116681368493637
2013-12-01,17.8599896912,15.485416666666666,15.68726653717345
2013-12-02,20.654764393600004,26.579166666666666,29.737971971366207
2013-12-03,25.6861451332,23.427083333333332,22.21829124202941
2013-12-04,23.4909433802,19.945833333333333,21.425356596309847
2013-12-05,21.8428995792,14.362499999999999,17.064324408642523
2013-12-06,22.4455707604,11.78125,5.874922065075872
2013-12-07,20.0192151412,15.579166666666666,19.01318135553131
2013-12-08,17.741418995,21.047916666666666,15.249923935231521
2013-12-09,19.929326027800002,21.181250000000002,24.19207847499685
2013-12-10,21.852861032599996,15.2125,20.51598533314208
2013-12-11,21.273420025,17.064583333333335,17.372446930691197
2013-12-12,21.5011425796,15.645833333333334,16.605883032067894
2013-12-13,21.4993478792,18.820833333333333,22.511538764621935
2013-12-14,20.6504816548,17.314583333333335,20.39805652673691
2013-12-15,18.0247188308,16.2375,13.372485359750453
2013-12-16,19.3253553056,17.03125,17.014457615689548
2013-12-17,21.999193360200003,16.925,16.89051456642508
2013-12-18,22.5126095924,16.989583333333332,13.195890154076586
2013-12-19,24.3686647524,21.72083333333333,20.75559180639303
2013-12-20,28.871996406799994,29.289583333333336,31.062703908667572
2013-12-21,22.0660723898,18.445833333333333,20.924200805879618
2013-12-22,19.4898909304,19.337500000000002,20.348588822520274
2013-12-23,20.0058040276,20.535416666666666,18.52522053430832
2013-12-24,19.5748837328,15.447916666666666,15.892608807370314
2013-12-25,18.2166292852,17.635416666666668,21.645750741795347
2013-12-26,17.8485823248,25.222916666666666,28.089224274805076
2013-12-27,18.479215427,19.754166666666666,21.730687375301372
2013-12-28,18.8069028852,18.797916666666666,19.845167492176138
2013-12-29,18.8395222982,20.620833333333334,18.79704404822824
2013-12-30,17.485071142000002,16.089583333333334,15.660802352740728
2013-12-31,18.344410800000002,16.881249999999998,21.18626079286671
2014-01-01,17.9461314732,20.462500000000002,20.28483116789272
2014-01-02,17.9453793672,20.03125,20.637863535732137
2014-01-03,19.0778816406,17.4875,18.158555381055635
2014-01-04,18.2892121262,17.71875,17.16397671805987
2014-01-05,17.1285811894,16.575,17.282846714297925
2014-01-06,17.9734299604,17.60625,20.5084164260615
2014-01-07,19.9140401994,16.210416666666667,14.383775241634083
2014-01-08,20.0055768832,15.727083333333333,17.247176495002723
2014-01-09,20.6971020682,19.829166666666666,21.478341405402336
2014-01-10,23.5147086502,26.47083333333333,25.29388561416902
2014-01-11,25.0119336336,25.8625,28.761128464705575
2014-01-12,19.1894483412,18.474999999999998,20.67960709785227
2014-01-13,20.183097182199997,18.479166666666668,18.097721222500255
2014-01-14,27.0421121758,25.479166666666668,26.441140812232906
2014-01-15,34.3676260816,36.31458333333333,34.77582040531209
2014-01-16,33.8575954304,32.166666666666664,31.902039763936813
2014-01-17,35.145955845399996,33.63125,31.9249155807139
2014-01-18,30.14441175,28.629166666666666,31.120912812923955
2014-01-19,20.2881023546,19.056250000000002,19.407385495805467
2014-01-20,20.230973591999998,20.1125,18.18628812414078
2014-01-21,22.890302243999997,19.670833333333334,18.313570595147645
2014-01-22,22.102329302,18.891666666666666,19.57438329825789
2014-01-23,22.0122773076,18.3125,19.01802141756974
2014-01-24,24.6752551622,23.229166666666668,22.714319473555392
2014-01-25,20.5657902474,18.341666666666665,24.23496460534504
2014-01-26,17.675971319400002,17.227083333333333,12.168131778904282
2014-01-27,18.705510351799997,22.808333333333334,24.546366894775016
2014-01-28,25.7265786436,29.785416666666666,27.20496946148081
2014-01-29,30.4768868082,27.297916666666666,26.701894708086026
2014-01-30,23.768070537,19.51875,21.76690039610682
2014-01-31,26.356598409199997,23.352083333333336,21.462118436128772
2014-02-01,24.688087036999995,22.041666666666668,21.260624108038737
2014-02-02,23.8540180718,23.95,25.642206804627826
2014-02-03,29.2086671658,30.777083333333334,29.049870651763975
2014-02-04,24.318540997800003,19.358333333333334,18.56433793408687
2014-02-05,22.205591003800002,19.5125,18.79344328370411
2014-02-06,24.297348301,23.4375,25.878677278418465
2014-02-07,28.627942375000003,29.566666666666666,35.3670865264911
2014-02-08,26.713673244200002,23.679166666666664,24.597502568475523
2014-02-09,28.342642033,32.831250000000004,37.077139406761106
2014-02-10,23.097554425800002,22.208333333333332,22.09823434249892
2014-02-11,22.645919218400003,19.175,16.655532391256973
2014-02-12,24.2780207706,21.333333333333332,21.817808594598677
2014-02-13,25.6704661222,23.181250000000002,26.332453657357366
2014-02-14,24.7893870954,23.275000000000002,22.726237848751882
2014-02-15,23.0960391106,23.931250000000002,27.235911469624426
2014-02-16,20.211542365200003,21.875,23.218530665845112
2014-02-17,18.7784771052,19.03125,23.86221755555411
2014-02-18,22.0022598662,19.51875,17.21867996727055
2014-02-19,23.5399875942,22.51875,23.22304153996233
2014-02-20,21.6270830002,16.833333333333332,17.16484393540352
2014-02-21,21.3731713228,16.3875,17.02181796449876
2014-02-22,20.152137096599997,16.829166666666666,11.192535322697315
2014-02-23,18.0308015584,17.075,18.651937416076812
2014-02-24,19.2107094128,18.525000000000002,18.465827694128553
2014-02-25,22.7675124158,20.304166666666667,23.793394964869186
2014-02-26,23.5958317388,21.420833333333334,21.92728929065877
2014-02-27,21.9240905702,17.604166666666668,21.98079074687102
2014-02-28,21.5884190982,16.929166666666667,16.76530623845084
2014-03-01,20.6025972764,18.972916666666666,17.434646657227976
2014-03-02,18.7941286028,19.795833333333334,18.94715888311705
2014-03-03,19.775607056600002,18.339583333333334,19.098142399217217
2014-03-04,23.332991190199998,20.554166666666667,23.951680182000622
2014-03-05,26.033454532599997,27.181250000000002,28.88267297657758
2014-03-06,22.537621575000003,17.133333333333333,19.15162860521147
2014-03-07,21.590510943800002,17.435416666666665,19.33956401352686
2014-03-08,20.4575213042,19.325,20.37729007867365
2014-03-09,19.121458952199998,22.566666666666666,25.09491607141294
2014-03-10,20.5630994586,26.922916666666666,25.595743394083257
2014-03-11,22.753371740999995,24.235416666666666,25.972540775610653
2014-03-12,23.8895669874,22.070833333333336,26.52400521855879
2014-03-13,21.826451211000002,17.4875,19.20254841473993
2014-03-14,21.9420569336,18.377083333333335,20.20451693137482
2014-03-15,21.4167573282,22.45,28.86837984389838
2014-03-16,18.2504880162,18.910416666666666,22.658487771528353
2014-03-17,18.769055047600002,17.375,20.232712029990225
2014-03-18,21.629604546200003,19.445833333333333,19.527878187751647
2014-03-19,21.697209809200004,18.702083333333334,22.926161488951962
2014-03-20,21.6199678702,16.966666666666665,21.173747113842644
2014-03-21,22.943403507600003,23.639583333333334,21.53412794105939
2014-03-22,20.8392796312,17.252083333333335,19.65874829690453
2014-03-23,18.1547741064,16.26875,15.410347757627779
2014-03-24,19.357111214,14.987499999999999,14.128775730940774
2014-03-25,21.5262250338,15.677083333333334,21.36506999155069
2014-03-26,21.284782843600002,19.452083333333334,17.037535149500997
2014-03-27,21.9637279488,20.608333333333334,28.535911445150205
2014-03-28,22.169406293399998,20.689583333333335,25.75783846535307
2014-03-29,20.2756951424,17.381249999999998,19.22938582167086
2014-03-30,18.0545945262,18.910416666666666,22.300319346221965
2014-03-31,19.627557341800003,20.535416666666666,20.500045630496995
2014-04-01,23.776975035,25.495833333333334,23.764214625648698
2014-04-02,25.676304432000002,27.777083333333334,28.070111091968947
2014-04-03,22.925762427400002,18.502083333333335,18.749682313353038
2014-04-04,22.186180853000003,16.220833333333335,15.117342035159606
2014-04-05,20.8583519436,17.527083333333334,18.88567366246224
2014-04-06,18.4721513412,18.08125,23.38725673971981
2014-04-07,19.2670756734,18.28125,19.932460284110785
2014-04-08,22.268926665,20.814583333333335,28.196562461621603
2014-04-09,22.7183528846,17.910416666666666,18.839229517301423
2014-04-10,22.3913390974,17.15625,18.448147988853638
2014-04-11,22.328647267999997,17.85625,15.379254753719954
2014-04-12,21.1745226204,17.035416666666666,16.927564546325094
2014-04-13,18.507946091,17.275000000000002,15.145401786739688
2014-04-14,19.1040714442,16.354166666666668,15.44584468765017
2014-04-15,21.538204228799998,16.222916666666666,15.54701300010595
2014-04-16,21.7063958546,15.393749999999999,15.98084647624559
2014-04-17,21.9246869016,15.891666666666666,19.47786530257857
2014-04-18,20.041568068399997,18.708333333333332,20.764791830086374
2014-04-19,17.851515864,14.25,12.247117208483642
2014-04-20,18.3515320284,14.245833333333332,15.059364917246734
2014-04-21,17.8330869218,15.222916666666668,14.388922080006964
2014-04-22,19.241286418599998,16.933333333333334,15.222408277750993
2014-04-23,22.3569558168,14.327083333333334,12.908330159364422
2014-04-24,21.8062377284,15.847916666666668,13.576511125532601
2014-04-25,21.0664815044,12.722916666666668,14.551687442274865
2014-04-26,18.4401673274,16.8625,18.638989433885566
2014-04-27,19.0042569666,13.325000000000001,11.576521866339585
2014-04-28,19.940045774199998,12.154166666666667,10.181758053445693
2014-04-29,22.1864890156,20.608333333333334,19.571976289893456
2014-04-30,22.9637723374,13.916666666666666,16.562508550076675
2014-05-01,23.1216580272,11.822916666666666,11.56670838430723
2014-05-02,23.259549243,13.197916666666666,19.99183042984054
2014-05-03,22.5920259322,11.852083333333333,13.220174503968515
2014-05-04,20.1530737076,12.660416666666668,14.817097661624036
2014-05-05,21.645373074,11.833333333333334,10.025050855811989
2014-05-06,24.0588405342,13.102083333333333,13.725921628023057
2014-05-07,24.1878063876,12.591666666666667,9.703040661898326
2014-05-08,24.3487644488,10.541666666666666,14.211326982748325
2014-05-09,23.9157139392,12.15,14.343556080212153
2014-05-10,22.273595509400003,15.870833333333332,17.521383693463417
2014-05-11,20.247610431200002,12.883333333333333,15.738702241679224
2014-05-12,20.5734782802,13.35,17.78687526832668
2014-05-13,23.1334711142,13.089583333333332,15.845578669595422
2014-05-14,22.836958267999997,14.549999999999999,17.319668375513345
2014-05-15,21.9667147468,17.352083333333333,13.682797233859723
2014-05-16,21.510934181400003,18.904166666666665,24.654336199520124
2014-05-17,20.449339701200003,19.027083333333334,21.114476227467843
2014-05-18,18.4163675072,18.729166666666668,20.11469081411529
2014-05-19,19.339637110399998,18.625,18.71838731200046
2014-05-20,22.101175260799998,18.508333333333333,18.70194675389617
2014-05-21,22.590058477200003,15.570833333333333,14.64625195417611
2014-05-22,21.9701671062,19.158333333333335,18.296858991678107
2014-05-23,22.423147753000002,18.339583333333334,19.947860189707168
2014-05-24,21.2574058018,15.0875,19.641262434914488
2014-05-25,19.178377647,14.820833333333333,19.999693952837898
2014-05-26,20.2366010362,16.270833333333332,18.48882774846037
2014-05-27,22.6178859834,19.6375,22.38704512422924
2014-05-28,22.863344351000002,15.847916666666668,17.745366152499017
2014-05-29,23.3004681792,13.816666666666668,14.304760536493749
2014-05-30,23.683413106,11.508333333333333,14.851900635690882
2014-05-31,21.927276177400003,13.397916666666667,22.494908139605215
2014-06-01,19.478175938,14.877083333333333,18.151803752650427
2014-06-02,21.351830921,13.527083333333332,13.736445668096273
2014-06-03,23.432450773000003,14.516666666666666,13.681616506691302
2014-06-04,23.3968956476,13.924999999999999,14.43586948168637
2014-06-05,23.127314687400002,13.975,20.358068836894077
2014-06-06,23.6231063588,12.177083333333334,13.769889526550763
2014-06-07,22.2631408994,13.195833333333333,10.541595819625625
2014-06-08,19.705810887600002,13.652083333333332,17.06671350392262
2014-06-09,20.1988919744,11.495833333333332,12.008308446631203
2014-06-10,21.622503989,12.5375,14.560780369771502
2014-06-11,23.958871761,11.8375,11.623627491472204
2014-06-12,23.9691477522,13.195833333333333,11.333688630515088
2014-06-13,24.4178765394,13.9,12.725565906717092
2014-06-14,22.6974040158,13.422916666666666,16.215741133796108
2014-06-15,20.775474386,12.854166666666666,13.575645388663148
2014-06-16,21.525206779999998,12.727083333333333,12.77497429178453
2014-06-17,24.456376235199997,12.38125,9.453137396793457
2014-06-18,24.418623318199998,13.049999999999999,15.499619198633255
2014-06-19,24.807115894600003,11.652083333333332,13.62119894029153
2014-06-20,25.1211567066,11.49375,9.422098002855343
2014-06-21,22.769534085000004,13.208333333333334,12.040120515081885
2014-06-22,20.821502877199997,11.893749999999999,11.130241532998143
2014-06-23,21.526332335,13.883333333333333,12.734172448030003
2014-06-24,25.531299687,9.829166666666667,13.442053455355659
2014-06-25,25.7708475424,11.616666666666667,16.153380468402382
2014-06-26,24.5740914734,13.377083333333333,15.18397506766474
2014-06-27,24.3261908234,13.177083333333334,15.332011681405692
2014-06-28,23.211437257000004,12.260416666666666,15.20724266162632
2014-06-29,21.642111403199998,10.689583333333333,12.425559838647484
2014-06-30,23.4713824438,8.402083333333334,8.837965941986448
2014-07-01,25.643211321800003,10.772916666666667,11.165199697587234
2014-07-02,25.39251,12.397916666666667,17.807198691449557
2014-07-03,24.5274931238,12.133333333333333,6.939517583903191
2014-07-04,24.8644000058,9.637500000000001,4.360623580945949
2014-07-05,23.672876267,11.0625,14.214074241667898
2014-07-06,21.4491688794,12.116666666666667,12.280077430712455
2014-07-07,22.473732538799997,11.1875,15.243359127956753
2014-07-08,24.323068101,11.579166666666666,14.072342887648984
2014-07-09,24.3674452278,12.670833333333334,12.199831604181027
2014-07-10,26.067678116800003,9.052083333333334,9.677730322969069
2014-07-11,25.6621284534,11.002083333333333,10.396750760839762
2014-07-12,23.7739226414,11.008333333333333,16.139172582427136
2014-07-13,22.6093877854,8.1,13.028927004564872
2014-07-14,23.3073068108,10.895833333333334,9.315333845838245
2014-07-15,25.9807450852,10.489583333333334,9.90891522579686
2014-07-16,26.3882948698,11.189583333333333,9.772012883608664
2014-07-17,25.225452363000002,11.5375,15.515844023938595
2014-07-18,26.349409253,8.727083333333333,14.653393072217042
2014-07-19,24.2605163646,10.254166666666666,8.878236516882232
2014-07-20,21.9000545806,10.549999999999999,11.905188735877797
2014-07-21,23.030130367399998,8.891666666666667,11.126548626476378
2014-07-22,26.525800032200003,8.983333333333333,8.234867495975342
2014-07-23,26.9017143644,7.7124999999999995,10.640806263856799
2014-07-24,26.775620366200002,9.660416666666666,9.304594925188988
2014-07-25,26.428719763,12.700000000000001,10.5842731335688
2014-07-26,24.085071445199997,13.797916666666666,15.092675402220166
2014-07-27,21.9150489758,11.722916666666668,11.98859738158871
2014-07-28,22.3719294068,12.672916666666666,11.824698690136678
2014-07-29,24.0774138444,13.422916666666666,11.14084533128389
2014-07-30,24.3977452102,15.020833333333334,19.299112466940073
2014-07-31,23.734016400999998,16.027083333333334,17.33744330759162
2014-08-01,24.6268278756,10.016666666666667,14.021098327111982
2014-08-02,25.630068694000002,6.616666666666667,9.037998436433607
2014-08-03,22.484826871000003,6.570833333333333,5.322951542519347
2014-08-04,23.4939603274,7.735416666666667,9.956232784546362
2014-08-05,25.4525906298,10.166666666666666,10.276665837584098
2014-08-06,24.616617551999997,13.679166666666667,17.91371679961839
2014-08-07,24.8486753014,12.579166666666666,12.537330105563127
2014-08-08,25.024310989200004,11.831249999999999,12.897784009380636
2014-08-09,23.553396611,11.625,17.894835772396547
2014-08-10,20.9875214252,12.585416666666667,10.88447158405764
2014-08-11,23.310678561200003,8.564583333333333,5.546260313333414
2014-08-12,26.4149066888,9.210416666666667,9.801532530277653
2014-08-13,25.9779932458,10.356250000000001,12.094831998943686
2014-08-14,25.1804763794,11.9,14.520403173168273
2014-08-15,25.2055908686,9.445833333333333,8.718189054565704
2014-08-16,23.3290968636,10.862499999999999,10.008064497433846
2014-08-17,21.425249781799998,11.189583333333333,16.4481215292624
2014-08-18,22.242832252000003,12.341666666666667,15.45299185664362
2014-08-19,25.1784771786,11.664583333333333,14.198793344004544
2014-08-20,24.9258067054,11.612499999999999,11.601650933631468
2014-08-21,24.8334588574,11.072916666666666,8.938092978547377
2014-08-22,24.084316542599996,12.262500000000001,10.572391606237586
2014-08-23,21.9630928732,13.475,15.277236806868798
2014-08-24,19.4989819022,16.01875,13.902725844122555
2014-08-25,21.672615083400004,12.922916666666666,15.824605397251254
2014-08-26,24.255508014,12.079166666666666,15.22978627168483
2014-08-27,23.4808219472,12.720833333333333,14.050266020173403
2014-08-28,23.3872332688,12.975,14.1582983122643
2014-08-29,23.222615703400002,13.691666666666668,16.527242718296563
2014-08-30,22.0455436476,12.639583333333334,9.173912459309612
2014-08-31,18.948426784200002,15.512500000000001,19.69764831871633
2014-09-01,19.940064235599998,17.820833333333333,24.624096960785153
2014-09-02,24.2017612732,11.122916666666667,10.922317500149548
2014-09-03,24.0054730926,11.356250000000001,11.293709622806105
2014-09-04,24.380701931,10.314583333333333,12.644444526822102
2014-09-05,24.1085949472,10.839583333333332,13.668211883424698
2014-09-06,22.057161649799998,11.487499999999999,10.650911813270046
2014-09-07,19.2111115122,13.010416666666666,14.912267983655191
2014-09-08,19.4062181102,15.585416666666667,17.67023516187745
2014-09-09,21.8767211296,19.083333333333332,21.033238375141487
2014-09-10,22.4288837698,15.002083333333333,17.368534180741133
2014-09-11,22.213561076,15.745833333333332,17.814589112212236
2014-09-12,23.170787608799998,11.360416666666666,13.281497871341191
2014-09-13,22.133977348000002,11.097916666666668,14.700993064277792
2014-09-14,18.8973091828,12.758333333333333,13.131921840068761
2014-09-15,19.6517931574,14.266666666666666,12.563413132392746
2014-09-16,22.8314273608,14.6,14.085829420343135
2014-09-17,23.727458870600003,11.987499999999999,17.75989282486724
2014-09-18,23.934871753799996,10.795833333333334,7.125630851412391
2014-09-19,23.985644978399996,11.033333333333333,10.79319209730454
2014-09-20,21.882054783,12.970833333333333,14.815902837813704
2014-09-21,19.5108747578,13.447916666666666,14.924944660067336
2014-09-22,19.8081304142,11.958333333333334,15.331884832428283
2014-09-23,21.59985163,16.758333333333333,15.7787584910304
2014-09-24,21.194694516200002,20.141666666666666,20.47880475986812
2014-09-25,21.6627306034,16.991666666666667,17.801660565907106
2014-09-26,21.9091646096,13.335416666666667,16.36055713075968
2014-09-27,20.588604539,14.36875,19.00955940534287
2014-09-28,17.765673652,19.033333333333335,19.077911720072766
2014-09-29,18.745653942000004,20.693749999999998,22.394986237873084
2014-09-30,21.123906453,18.285416666666666,21.82658647822871
2014-10-01,22.337281083,12.658333333333333,14.180923734859634
2014-10-02,22.593294118,12.439583333333333,15.467954770218439
2014-10-03,22.151520713,13.772916666666667,19.175509217300572
2014-10-04,20.227369091800004,14.06875,9.534455052255254
2014-10-05,17.7770443796,19.939583333333335,22.72881886096022
2014-10-06,19.0926224992,14.064583333333333,16.33123300240895
2014-10-07,22.20696125,17.520833333333332,17.464818983271115
2014-10-08,21.941252918400004,13.302083333333334,13.309068765297868
2014-10-09,22.114018450000003,14.647916666666667,17.669079340177586
2014-10-10,21.5473159706,18.202083333333334,17.771317298758174
2014-10-11,20.245258377200003,18.729166666666668,18.593570770180133
2014-10-12,18.22860299,15.266666666666666,19.67559158242271
2014-10-13,19.526966442,16.349999999999998,18.5498169869826
2014-10-14,22.9318270558,11.674999999999999,10.897858512414548
2014-10-15,22.9538895258,12.18125,13.4764110473469
2014-10-16,22.227250014600003,13.614583333333334,17.175399842093665
2014-10-17,22.4645981322,13.177083333333334,15.073350917775917
2014-10-18,20.259406689200002,13.700000000000001,13.756213074184682
2014-10-19,18.5118738696,20.954166666666666,26.084616188939513
2014-10-20,19.7279106958,16.59375,17.08098447644201
2014-10-21,21.641985405600003,14.716666666666667,14.491559727122635
2014-10-22,22.3409684194,22.0625,21.41722592646475
2014-10-23,23.313621633,21.78125,20.787171319435984
2014-10-24,22.327596541200002,17.622916666666665,16.721267376758167
2014-10-25,21.828575049599998,19.929166666666667,22.673073852825596
2014-10-26,18.8066247254,15.954166666666666,15.285453779791762
2014-10-27,19.4571049822,19.714583333333334,20.915285893391264
2014-10-28,21.713821029,14.893749999999999,16.070886081582906
2014-10-29,22.133876858199997,15.049999999999999,18.12365441564336
2014-10-30,21.788208505200004,16.933333333333334,18.79371035564551
2014-10-31,21.843610897199998,16.252083333333335,15.975489138687003
2014-11-01,21.536587127,23.34166666666667,26.08641281550686
2014-11-02,18.561397938400003,12.341666666666667,9.400223709375151
2014-11-03,19.430142349,13.602083333333333,16.539187600791966
2014-11-04,19.238367014399998,18.547916666666666,15.331826985814423
2014-11-05,19.5756994692,19.339583333333334,18.89487322596632
2014-11-06,20.9441397058,14.4125,14.608885727735155
2014-11-07,21.145620431799998,17.491666666666667,18.941367715178867
2014-11-08,22.060743395800003,26.652083333333334,28.607228565315545
2014-11-09,19.708037404400002,19.658333333333335,22.767187497246518
2014-11-10,18.9809442916,15.658333333333333,18.493666727223683
2014-11-11,21.4646248292,15.816666666666668,17.79340255687132
2014-11-12,21.6709719342,14.24375,12.79525312531384
2014-11-13,22.2673890032,18.650000000000002,16.664632882902925
2014-11-14,24.2889604266,26.849999999999998,25.216916839546645
2014-11-15,20.8614905076,15.458333333333334,13.045142961801949
2014-11-16,18.57836834,13.918750000000001,10.923625820888367
2014-11-17,19.2814840826,15.424999999999999,19.28730963548394
2014-11-18,21.0470700144,15.460416666666667,16.04557148832609
2014-11-19,20.992141271199998,16.23125,19.09832494309192
2014-11-20,22.1431130146,25.02916666666667,24.88733322069365
2014-11-21,22.6750940726,21.40625,24.04391411116319
2014-11-22,20.5537286248,18.010416666666668,15.171120296203638
2014-11-23,19.1518064732,23.075,22.449401853044314
2014-11-24,20.1545164294,19.445833333333333,22.099777359173064
2014-11-25,22.2978848636,15.014583333333334,19.596934347808478
2014-11-26,21.431876521,16.266666666666666,15.544664438426224
2014-11-27,21.8321456402,15.704166666666666,17.376717762561228
2014-11-28,21.460285476,15.297916666666666,15.90311179391384
2014-11-29,20.2017012448,16.59375,17.85548435320151
2014-11-30,18.9653758108,20.139583333333334,18.545785566815443
2014-12-01,23.497033666,28.556250000000002,31.00742916195079
2014-12-02,23.781259238799997,20.641666666666666,21.631104203374143
2014-12-03,23.335741215,19.833333333333332,21.712541238478998
2014-12-04,22.7035835506,19.616666666666667,23.642603636146397
2014-12-05,23.7118634,21.702083333333334,19.913342741351904
2014-12-06,21.285131010599997,18.352083333333333,16.09923680746592
2014-12-07,18.6401961836,17.35625,19.417643035379797
2014-12-08,19.7754223932,16.175,13.292154623413984
2014-12-09,21.7256016586,17.747916666666665,17.27461618255315
2014-12-10,21.7397453788,17.05,21.678973323004453
2014-12-11,22.024329140600003,18.504166666666666,18.975585920864035
2014-12-12,21.4419283934,17.96875,20.488914277451173
2014-12-13,21.1567787782,21.441666666666666,19.78510577863621
2014-12-14,20.7394681764,26.131249999999998,30.68465046198517
2014-12-15,20.6976350998,19.91875,19.14078737669098
2014-12-16,23.1923044018,19.920833333333334,22.466395612172605
2014-12-17,22.609376767,19.25,19.76515207691812
2014-12-18,21.550767707600002,17.675,20.758476370453792
2014-12-19,21.493402246,16.520833333333332,20.41560403958192
2014-12-20,19.7129766534,16.54375,14.95027683820464
2014-12-21,18.648689667000003,18.506249999999998,18.457338352206612
2014-12-22,21.648363169000003,24.03125,25.982370036858768
2014-12-23,23.1957371966,22.95,25.11492111513545
2014-12-24,21.0444465956,18.829166666666666,22.075514909731847
2014-12-25,18.4197155182,18.3125,15.148364568536536
2014-12-26,16.5398200578,16.933333333333334,19.434599045044884
2014-12-27,16.879712527200002,16.429166666666667,21.738536799416124
2014-12-28,17.329232567200002,18.189583333333335,20.586029892685787
2014-12-29,19.6116228892,24.539583333333336,28.127389984366488
2014-12-30,18.857025829599998,17.677083333333332,21.555781592939045
2014-12-31,18.7212226846,17.391666666666666,18.60545328942913
2015-01-01,10.4963021342,21.034615384615385,19.943716908690988
