Time,Demand,Temperature,Holiday
2012-01-01,227778.257304,26.57812500000001,1
2012-01-02,275490.988882,31.75104166666667,1
2012-01-03,258955.329422,24.56770833333333,0
2012-01-04,213792.376946,18.19166666666666,0
2012-01-05,211066.42655,17.8125,0
2012-01-06,205338.71462,19.51041666666667,0
2012-01-07,200693.270298,24.09895833333333,0
2012-01-08,200061.61473800003,20.223958333333325,0
2012-01-09,216201.836844,19.16145833333333,0
2012-01-10,217176.90791,16.04270833333333,0
2012-01-11,217517.47501000005,14.815625,0
2012-01-12,217586.17446399992,17.031250000000004,0
2012-01-13,207841.939388,17.009375000000002,0
2012-01-14,189761.960344,17.096875,0
2012-01-15,202284.682756,19.25520833333333,0
2012-01-16,266364.444274,28.060416666666665,0
2012-01-17,292458.6854459999,28.779166666666665,0
2012-01-18,247722.4942560001,19.265625000000004,0
2012-01-19,240187.677944,19.178125000000005,0
2012-01-20,225035.325476,19.688541666666666,0
2012-01-21,207949.85991000003,21.690624999999997,0
2012-01-22,239810.374218,25.33229166666666,0
2012-01-23,280188.298774,26.675000000000008,0
2012-01-24,287474.816646,26.61145833333333,0
2012-01-25,239083.6843799999,19.75937500000001,1
2012-01-26,214239.304588,20.038541666666664,1
2012-01-27,247864.545244,24.680208333333336,0
2012-01-28,246157.78149600007,25.032291666666666,0
2012-01-29,273882.7501919999,28.11145833333333,0
2012-01-30,257241.906512,21.542708333333337,0
2012-01-31,228254.907978,16.605208333333334,0
2012-02-01,230665.817198,18.593750000000007,0
2012-02-02,237880.65627200008,20.667708333333334,0
2012-02-03,233603.04427800004,21.97708333333332,0
2012-02-04,231199.65756600004,29.04062500000001,0
2012-02-05,217637.392242,18.979166666666668,0
2012-02-06,230085.16670200005,18.459375,0
2012-02-07,228610.859772,17.29583333333333,0
2012-02-08,228077.89926600005,17.282291666666666,0
2012-02-09,234247.174266,20.84479166666667,0
2012-02-10,222089.47112600005,19.85833333333333,0
2012-02-11,195587.745634,18.446875,0
2012-02-12,207883.898364,19.23958333333333,0
2012-02-13,236192.401168,19.903125,0
2012-02-14,250611.50100600003,22.970833333333346,0
2012-02-15,276463.802184,28.195833333333336,0
2012-02-16,256097.71950000004,20.221875,0
2012-02-17,225040.424446,19.17604166666667,0
2012-02-18,208380.953922,21.99166666666666,0
2012-02-19,226379.6298700001,22.897916666666674,0
2012-02-20,238501.3582400001,20.078125,0
2012-02-21,236787.45434999996,19.726041666666664,0
2012-02-22,242659.87832,20.89166666666667,0
2012-02-23,249533.82264799997,19.981250000000006,0
2012-02-24,272065.85712800006,29.229166666666675,0
2012-02-25,267429.008882,30.30624999999999,0
2012-02-26,272119.05890600005,26.478124999999995,0
2012-02-27,253556.989398,20.22604166666667,0
2012-02-28,233459.56758800003,18.714583333333334,0
2012-02-29,232602.3715,19.038541666666674,0
2012-03-01,228117.349736,17.512500000000003,0
2012-03-02,214077.02271999995,18.758333333333333,0
2012-03-03,195961.73221,17.542708333333334,0
2012-03-04,201885.09726600003,20.359375,0
2012-03-05,225458.425954,18.22083333333333,0
2012-03-06,226961.51970800004,17.7,0
2012-03-07,227666.119452,17.741666666666664,0
2012-03-08,228234.72523600003,18.750000000000004,0
2012-03-09,214099.785104,19.38229166666667,0
2012-03-10,187804.78019600004,16.818749999999998,0
2012-03-11,184799.846194,17.613541666666666,1
2012-03-12,204090.954068,18.34583333333333,1
2012-03-13,244041.54392400009,23.71770833333333,0
2012-03-14,261336.73519000004,25.95833333333333,0
2012-03-15,245006.88177000004,22.373958333333334,0
2012-03-16,210376.384226,17.352083333333333,0
2012-03-17,183350.44323000003,17.907291666666662,0
2012-03-18,198071.191868,17.965625,0
2012-03-19,233642.00834600005,21.878125,0
2012-03-20,242704.655,24.144791666666663,0
2012-03-21,223973.347208,14.871875,0
2012-03-22,223770.45380800005,16.661458333333332,0
2012-03-23,214358.26855999997,13.848958333333334,0
2012-03-24,191636.99200400003,15.459375,0
2012-03-25,204244.355022,14.251041666666666,0
2012-03-26,223744.954604,16.084374999999998,0
2012-03-27,223824.74571200003,16.87708333333333,0
2012-03-28,225130.67704799992,17.31770833333334,0
2012-03-29,227176.14133199997,19.39375,0
2012-03-30,219899.18876800005,23.480208333333337,0
2012-03-31,189141.604834,19.75625,0
2012-04-01,194333.58407800004,16.194791666666664,0
2012-04-02,224898.75347400003,22.32916666666668,0
2012-04-03,230108.99405399995,19.415625,0
2012-04-04,229532.4981,19.43541666666667,0
2012-04-05,217024.909856,21.276041666666668,1
2012-04-06,186332.46929799995,19.355208333333337,1
2012-04-07,179924.35793399997,14.780208333333327,0
2012-04-08,179984.761658,15.700000000000005,1
2012-04-09,206711.75869800008,10.851041666666667,1
2012-04-10,230216.100086,14.14270833333334,0
2012-04-11,226803.73982,14.29375,0
2012-04-12,224408.544452,16.01875,0
2012-04-13,212501.70500199992,18.153125000000003,0
2012-04-14,188039.08569000004,20.362500000000008,0
2012-04-15,198339.35798000003,19.596874999999997,0
2012-04-16,225930.663404,15.707291666666665,0
2012-04-17,225780.737352,17.389583333333334,0
2012-04-18,228660.336198,19.51458333333333,0
2012-04-19,229802.076672,18.928124999999994,0
2012-04-20,214934.234856,17.671875,0
2012-04-21,188268.94680800004,19.26354166666667,0
2012-04-22,196665.582646,18.04583333333333,0
2012-04-23,230431.65208800003,12.523958333333333,0
2012-04-24,232788.58999200005,11.426041666666665,1
2012-04-25,217322.46156,13.366666666666664,1
2012-04-26,235112.52995000003,14.457291666666668,0
2012-04-27,218898.09335600003,14.685416666666669,0
2012-04-28,192931.395336,16.048958333333335,0
2012-04-29,210747.021562,12.10104166666666,0
2012-04-30,234406.73048,15.761458333333328,0
2012-05-01,228877.332928,17.092708333333338,0
2012-05-02,247105.30031,10.862499999999995,0
2012-05-03,252914.279194,12.074999999999998,0
2012-05-04,232739.66895600004,12.757291666666664,0
2012-05-05,211630.79895200013,11.959375000000009,0
2012-05-06,219305.072586,13.017708333333331,0
2012-05-07,242502.719678,13.994791666666666,0
2012-05-08,229176.06865,18.84791666666667,0
2012-05-09,232946.76370000007,15.99583333333333,0
2012-05-10,233164.689192,15.447916666666666,0
2012-05-11,227035.696774,12.578125000000002,0
2012-05-12,212082.025706,12.403125,0
2012-05-13,224908.24319,11.89166666666666,0
2012-05-14,251268.94061399996,12.867708333333328,0
2012-05-15,248964.26365199997,14.417708333333332,0
2012-05-16,248455.45018000004,12.490625,0
2012-05-17,244542.46820200005,13.592708333333333,0
2012-05-18,233273.268962,14.371874999999998,0
2012-05-19,215905.704836,12.077083333333334,0
2012-05-20,228876.376544,9.794791666666669,0
2012-05-21,252859.04322,12.408333333333331,0
2012-05-22,249856.036454,14.635416666666666,0
2012-05-23,241664.12305600004,15.697916666666666,0
2012-05-24,251816.0482900001,12.336458333333333,0
2012-05-25,253042.669748,10.131249999999998,0
2012-05-26,215496.50236600003,12.163541666666664,0
2012-05-27,230338.049696,12.644791666666668,0
2012-05-28,257206.65444800007,12.315625,0
2012-05-29,256321.27676399995,12.211458333333333,0
2012-05-30,257750.124328,11.33854166666667,0
2012-05-31,254662.397158,11.135416666666666,0
2012-06-01,244656.37474199996,10.35,0
2012-06-02,223559.264114,11.826041666666669,0
2012-06-03,234944.50519999996,11.907291666666667,0
2012-06-04,264598.71778400004,12.193750000000009,0
2012-06-05,264569.668518,10.82291666666667,0
2012-06-06,256085.782798,11.927083333333334,0
2012-06-07,257430.20784799996,12.075000000000005,0
2012-06-08,243566.08207600005,11.229166666666666,0
2012-06-09,216787.27928599995,10.542708333333332,0
2012-06-10,218400.24011400007,8.950000000000001,1
2012-06-11,235034.339964,7.144791666666664,1
2012-06-12,258328.713062,11.120833333333335,0
2012-06-13,254599.41495000003,13.898958333333333,0
2012-06-14,256181.15927800004,13.422916666666666,0
2012-06-15,238920.5352940001,11.971875,0
2012-06-16,214254.956342,12.829166666666666,0
2012-06-17,229051.527894,11.476041666666667,0
2012-06-18,252174.64139399995,12.395833333333336,0
2012-06-19,259950.90222200003,8.653125000000001,0
2012-06-20,264103.6678640001,11.377083333333331,0
2012-06-21,271161.5498440001,9.63125,0
2012-06-22,253766.48996000004,8.497916666666665,0
2012-06-23,222411.91890799996,11.592708333333333,0
2012-06-24,225137.890062,13.224999999999996,0
2012-06-25,258468.239394,10.82604166666666,0
2012-06-26,268878.967932,7.807291666666667,0
2012-06-27,264640.79663799994,10.439583333333331,0
2012-06-28,255446.34833000004,12.947916666666666,0
2012-06-29,244228.600846,10.159375,0
2012-06-30,218468.116926,8.821875,0
2012-07-01,237090.485638,9.142708333333337,0
2012-07-02,257784.8841,10.477083333333336,0
2012-07-03,255707.584322,10.789583333333338,0
2012-07-04,261811.366108,9.24375,0
2012-07-05,262228.11906,9.031249999999998,0
2012-07-06,253250.63779800007,7.689583333333334,0
2012-07-07,226928.802748,7.8625,0
2012-07-08,233886.3163,10.775,0
2012-07-09,251151.045878,13.329166666666673,0
2012-07-10,257213.576858,12.809375,0
2012-07-11,251214.834618,12.76041666666667,0
2012-07-12,255812.7226500001,11.074999999999998,0
2012-07-13,237366.45533800003,12.354166666666666,0
2012-07-14,219716.1052839999,10.440625000000002,0
2012-07-15,224901.6272159999,12.64375,0
2012-07-16,246266.356546,13.639583333333327,0
2012-07-17,245275.97093800007,12.744791666666666,0
2012-07-18,258759.30439400004,8.658333333333335,0
2012-07-19,254274.2037480001,11.971875,0
2012-07-20,238067.70941599997,11.648958333333336,0
2012-07-21,208117.45106999995,13.253125000000002,0
2012-07-22,223364.6266780001,10.019791666666666,0
2012-07-23,251646.25188,11.044791666666669,0
2012-07-24,252769.799938,11.895833333333336,0
2012-07-25,252351.928004,12.109374999999998,0
2012-07-26,254611.71783,10.913541666666667,0
2012-07-27,242743.81399,10.741666666666664,0
2012-07-28,220327.833688,10.39583333333333,0
2012-07-29,232176.89571400004,9.939583333333337,0
2012-07-30,261074.54218199995,11.134375000000004,0
2012-07-31,259574.196518,9.38125,0
2012-08-01,262555.76720000006,8.364583333333336,0
2012-08-02,262844.7085800001,10.404166666666663,0
2012-08-03,234261.213026,12.612499999999995,0
2012-08-04,208503.96286600005,12.56145833333334,0
2012-08-05,225066.39484600004,10.517708333333337,0
2012-08-06,257471.94815199997,9.738541666666668,0
2012-08-07,248546.423658,12.457291666666665,0
2012-08-08,264530.86604,9.416666666666668,0
2012-08-09,265327.719432,9.801041666666666,0
2012-08-10,241396.91186399997,11.461458333333333,0
2012-08-11,214202.76448,11.496875,0
2012-08-12,227020.2012080001,10.127083333333337,0
2012-08-13,247982.67351,12.440625000000002,0
2012-08-14,259904.001264,9.76458333333333,0
2012-08-15,255178.68323400003,10.70729166666667,0
2012-08-16,251689.8184440001,11.247916666666669,0
2012-08-17,246561.730966,10.137499999999998,0
2012-08-18,221102.10344000004,10.767708333333337,0
2012-08-19,225903.087876,10.931250000000004,0
2012-08-20,250621.318878,10.721874999999995,0
2012-08-21,244706.377008,14.645833333333336,0
2012-08-22,234115.9215460001,17.10208333333334,0
2012-08-23,244367.868802,11.414583333333333,0
2012-08-24,240994.18174800003,10.564583333333331,0
2012-08-25,213151.554078,11.351041666666667,0
2012-08-26,223744.04275,11.016666666666666,0
2012-08-27,244790.478312,11.537499999999996,0
2012-08-28,236381.87898600005,14.58125,0
2012-08-29,236440.96074000007,13.108333333333334,0
2012-08-30,253371.7352240001,9.807291666666666,0
2012-08-31,234395.19640600003,11.058333333333335,0
2012-09-01,206340.67056799997,10.222916666666668,0
2012-09-02,203649.282858,13.865625,0
2012-09-03,226048.759784,17.046874999999996,0
2012-09-04,218775.907762,19.403125,0
2012-09-05,227575.902474,15.732291666666669,0
2012-09-06,231410.808076,12.72395833333333,0
2012-09-07,229837.732394,11.815624999999995,0
2012-09-08,204504.32912,12.046875,0
2012-09-09,206223.32756599996,12.376041666666673,0
2012-09-10,230366.95748200003,13.058333333333335,0
2012-09-11,224834.585682,15.902083333333332,0
2012-09-12,226802.25494999997,14.232291666666669,0
2012-09-13,239947.01620999989,10.296874999999998,0
2012-09-14,228214.43682,12.533333333333337,0
2012-09-15,200332.85061800003,11.656249999999998,0
2012-09-16,209102.7074260001,13.032291666666664,0
2012-09-17,233157.4659,12.504166666666668,0
2012-09-18,238661.30414599995,12.823958333333332,0
2012-09-19,229896.57005600008,14.130208333333336,0
2012-09-20,223971.39796800003,18.01458333333333,0
2012-09-21,217856.012186,14.173958333333331,0
2012-09-22,186769.57176800005,16.343750000000004,0
2012-09-23,198946.307786,12.588541666666666,0
2012-09-24,232427.98822199996,10.520833333333334,0
2012-09-25,225544.58455600007,12.654166666666663,0
2012-09-26,218187.281364,19.815625,0
2012-09-27,217851.023304,19.664583333333336,0
2012-09-28,220769.4918480001,11.201041666666663,0
2012-09-29,202617.589204,9.860416666666664,0
2012-09-30,206961.87235,12.294791666666663,0
2012-10-01,225536.29701199997,14.072916666666666,0
2012-10-02,219408.70005200003,14.85,0
2012-10-03,216885.457442,21.06041666666668,0
2012-10-04,220298.847572,19.329166666666666,0
2012-10-05,208699.9092960001,13.810416666666669,0
2012-10-06,210225.01487400004,9.937500000000002,0
2012-10-07,210877.93567799995,11.81875,0
2012-10-08,233213.39424199995,12.022916666666667,0
2012-10-09,231109.022706,12.166666666666666,0
2012-10-10,234169.565806,10.708333333333336,0
2012-10-11,243720.83969000008,11.441666666666665,0
2012-10-12,220852.098064,11.937499999999996,0
2012-10-13,191502.65647999995,12.51875,0
2012-10-14,190908.955094,17.858333333333334,0
2012-10-15,216590.459002,17.445833333333336,0
2012-10-16,225915.54180600005,13.031250000000002,0
2012-10-17,223563.13401800004,13.345833333333331,0
2012-10-18,221355.85255,16.12083333333334,0
2012-10-19,209282.934408,18.031250000000004,0
2012-10-20,182897.37334200004,15.966666666666669,0
2012-10-21,200935.57997200004,12.88958333333334,0
2012-10-22,220254.52828199996,13.770833333333336,0
2012-10-23,217296.51159,18.20625,0
2012-10-24,218435.635346,21.09583333333333,0
2012-10-25,220337.686288,13.874999999999998,0
2012-10-26,211941.365916,11.827083333333327,0
2012-10-27,190280.29574000003,13.05,0
2012-10-28,193777.2009540001,13.839583333333335,0
2012-10-29,218698.50743199995,19.46666666666667,0
2012-10-30,230926.96571599983,25.189583333333328,0
2012-10-31,230651.394006,21.78958333333333,0
2012-11-01,222407.004368,12.679166666666667,0
2012-11-02,206833.4361620001,13.345833333333331,0
2012-11-03,180977.045532,17.08125,0
2012-11-04,193223.84472,25.589583333333337,0
2012-11-05,205814.24030799995,23.906250000000004,1
2012-11-06,199213.17158,18.006249999999994,1
2012-11-07,218297.20409600003,16.287500000000005,0
2012-11-08,215199.17834,16.837499999999995,0
2012-11-09,203183.57449400003,12.88125,0
2012-11-10,178312.35543200004,14.722916666666668,0
2012-11-11,192779.662938,22.649999999999995,0
2012-11-12,216493.28924000004,16.085416666666667,0
2012-11-13,216237.315878,14.710416666666667,0
2012-11-14,215909.10132,15.152083333333335,0
2012-11-15,220834.286994,15.268749999999995,0
2012-11-16,206289.81711000003,15.03541666666666,0
2012-11-17,184522.18925400003,14.45,0
2012-11-18,194017.37065000003,15.337499999999997,0
2012-11-19,217218.424306,18.20625,0
2012-11-20,226137.35749,23.672916666666666,0
2012-11-21,219465.775146,15.681250000000006,0
2012-11-22,219925.537236,16.743750000000002,0
2012-11-23,211172.73256800004,17.906249999999996,0
2012-11-24,201105.975826,23.83125,0
2012-11-25,201224.43259800004,16.889583333333338,0
2012-11-26,224699.96276,18.091666666666665,0
2012-11-27,227550.05458400003,18.54791666666667,0
2012-11-28,251752.564154,23.293750000000003,0
2012-11-29,305417.14544800005,30.50624999999999,0
2012-11-30,236231.02335399992,21.854166666666657,0
2012-12-01,190953.54309400005,18.870833333333334,0
2012-12-02,192937.89409400005,16.866666666666667,0
2012-12-03,214018.768114,16.35416666666666,0
2012-12-04,214290.52579200003,14.589583333333335,0
2012-12-05,219121.6825119999,15.083333333333329,0
2012-12-06,219118.565824,17.791666666666668,0
2012-12-07,227807.97231600003,26.168750000000006,0
2012-12-08,210020.066382,21.85,0
2012-12-09,193341.656722,16.306250000000002,0
2012-12-10,218622.10450999992,17.69583333333333,0
2012-12-11,233624.330436,21.72500000000001,0
2012-12-12,271295.76026799995,28.82083333333334,0
2012-12-13,265273.36181000003,22.904166666666665,0
2012-12-14,222422.12415,21.07291666666666,0
2012-12-15,191645.58054799997,19.7875,0
2012-12-16,194668.481532,16.735416666666662,0
2012-12-17,217717.49748999995,17.008333333333336,0
2012-12-18,231942.801438,22.42291666666667,0
2012-12-19,232233.17437,20.852083333333336,0
2012-12-20,212651.42235999997,17.689583333333335,0
2012-12-21,195979.586054,17.554166666666667,0
2012-12-22,196242.27551200008,22.272916666666664,0
2012-12-23,245001.32855200005,31.443750000000005,0
2012-12-24,188066.94821,18.445833333333336,1
2012-12-25,160347.10818400004,16.987499999999994,1
2012-12-26,176746.82895599995,19.01458333333333,1
2012-12-27,194603.92178799995,19.78958333333333,0
2012-12-28,180934.882676,17.345833333333328,0
2012-12-29,171728.12574800002,17.864583333333336,0
2012-12-30,174704.751536,17.252083333333335,0
2012-12-31,180245.297912,18.95625,1
2013-01-01,183158.806756,19.25833333333333,1
2013-01-02,200120.88108599995,18.33333333333333,0
2013-01-03,258088.56368,30.35833333333333,0
2013-01-04,289746.82494599995,31.66666666666666,0
2013-01-05,203294.96289599995,20.622916666666665,0
2013-01-06,208359.02997600005,20.933333333333334,0
2013-01-07,258878.9549340001,23.639583333333334,0
2013-01-08,224525.63425799995,18.93333333333333,0
2013-01-09,206532.92479200003,17.29583333333333,0
2013-01-10,224414.8751,22.633333333333336,0
2013-01-11,236071.042938,23.089583333333334,0
2013-01-12,183081.02711,18.99583333333333,0
2013-01-13,188518.769764,16.697916666666668,0
2013-01-14,212286.44446400003,17.312499999999996,0
2013-01-15,228062.69862599988,20.64375,0
2013-01-16,237430.70432,20.600000000000005,0
2013-01-17,295646.3039200001,32.56875,0
2013-01-18,223490.54357400004,19.43333333333333,0
2013-01-19,186842.13429,18.49375,0
2013-01-20,207999.837802,20.34583333333333,0
2013-01-21,243039.17430000004,20.410416666666663,0
2013-01-22,229987.013048,20.170833333333334,0
2013-01-23,228677.402936,19.94375,0
2013-01-24,275498.86700399994,30.04583333333333,0
2013-01-25,218508.43617400003,19.072916666666668,0
2013-01-26,185988.54763200003,18.056249999999995,0
2013-01-27,186586.276642,19.44375,1
2013-01-28,202471.393384,19.029166666666665,1
2013-01-29,217268.12211199995,16.935416666666672,0
2013-01-30,228770.482576,21.875,0
2013-01-31,226322.26590999996,16.260416666666668,0
2013-02-01,204127.94190800004,16.829166666666666,0
2013-02-02,184245.807828,18.65833333333334,0
2013-02-03,200437.753198,19.81875,0
2013-02-04,224009.17541,18.625,0
2013-02-05,240787.03387800005,22.33125000000001,0
2013-02-06,277992.220814,28.40208333333334,0
2013-02-07,262086.23714199997,22.35625,0
2013-02-08,235861.89130199997,22.08333333333333,0
2013-02-09,201976.991934,21.20833333333333,0
2013-02-10,197610.672436,18.81458333333333,0
2013-02-11,229248.948518,20.447916666666668,0
2013-02-12,235969.51778600004,20.63958333333333,0
2013-02-13,256144.00025,25.066666666666677,0
2013-02-14,259225.597674,25.49791666666667,0
2013-02-15,248842.40009600003,25.214583333333334,0
2013-02-16,232867.042466,27.497916666666672,0
2013-02-17,255496.103058,28.21875,0
2013-02-18,298972.17064,28.8,0
2013-02-19,231039.69506800003,18.09583333333333,0
2013-02-20,237174.983884,21.791666666666668,0
2013-02-21,249994.791066,24.060416666666672,0
2013-02-22,243539.933356,25.53125,0
2013-02-23,224207.645604,25.722916666666663,0
2013-02-24,251629.5741,27.72083333333333,0
2013-02-25,271169.450858,21.941666666666663,0
2013-02-26,251637.968054,23.52291666666667,0
2013-02-27,231230.33064800003,18.635416666666668,0
2013-02-28,212697.143996,17.195833333333336,0
2013-03-01,201160.069834,18.81458333333333,0
2013-03-02,183460.774808,20.25625,0
2013-03-03,209035.90683000005,21.525,0
2013-03-04,252438.86545400004,24.71666666666667,0
2013-03-05,263593.06384600006,25.681249999999995,0
2013-03-06,281574.9776440001,27.90833333333333,0
2013-03-07,289961.918528,26.504166666666663,0
2013-03-08,276403.473236,28.264583333333324,0
2013-03-09,251063.346472,29.195833333333336,0
2013-03-10,238259.519448,25.7375,1
2013-03-11,279601.987914,30.131250000000005,1
2013-03-12,316222.1381219999,30.45625,0
2013-03-13,239703.706598,20.10625,0
2013-03-14,228248.873318,19.95833333333333,0
2013-03-15,214233.31647600004,19.53125,0
2013-03-16,188857.893026,15.550000000000002,0
2013-03-17,200626.24179399997,15.387500000000005,0
2013-03-18,223031.921954,16.5,0
2013-03-19,224120.046094,18.16458333333334,0
2013-03-20,234462.23444600005,24.39583333333332,0
2013-03-21,225573.71074,19.277083333333334,0
2013-03-22,211318.64759,17.54375,0
2013-03-23,189857.68054600005,20.293750000000006,0
2013-03-24,202513.99498600003,19.35208333333333,0
2013-03-25,228103.54618600005,19.933333333333337,0
2013-03-26,246684.756638,25.79583333333333,0
2013-03-27,262797.2907499999,24.200000000000003,0
2013-03-28,201047.03826000003,14.65625,1
2013-03-29,179840.40587200003,15.21875,1
2013-03-30,181528.13074600004,18.045833333333334,0
2013-03-31,179463.948192,14.679166666666667,1
2013-04-01,194349.743072,17.758333333333333,1
2013-04-02,218497.950584,16.32708333333333,0
2013-04-03,220238.633048,13.916666666666666,0
2013-04-04,219281.633586,15.152083333333335,0
2013-04-05,207476.703904,18.227083333333333,0
2013-04-06,185822.027212,21.164583333333336,0
2013-04-07,198204.54902799995,20.15,0
2013-04-08,223801.94082599995,17.972916666666666,0
2013-04-09,224228.68307599996,17.304166666666667,0
2013-04-10,224256.3558780001,18.95,0
2013-04-11,225292.8300440001,15.27083333333333,0
2013-04-12,215423.34280000004,21.316666666666663,0
2013-04-13,192372.735686,20.035416666666663,0
2013-04-14,199458.689864,16.902083333333326,0
2013-04-15,226506.68694999997,14.014583333333334,0
2013-04-16,225837.310714,15.541666666666664,0
2013-04-17,229178.805376,14.708333333333334,0
2013-04-18,231531.1510680001,13.4875,0
2013-04-19,216781.35599,12.856250000000005,0
2013-04-20,193907.81348400004,12.677083333333329,0
2013-04-21,201478.052966,15.983333333333333,0
2013-04-22,229175.88839000007,14.933333333333335,0
2013-04-23,226984.39722800007,15.52916666666666,0
2013-04-24,216189.33892799995,14.739583333333336,1
2013-04-25,196150.136352,17.7375,1
2013-04-26,204280.643656,18.164583333333333,0
2013-04-27,184237.159956,21.402083333333326,0
2013-04-28,202828.68769800005,14.979166666666664,0
2013-04-29,232106.48165999996,13.302083333333334,0
2013-04-30,235776.18860200004,13.510416666666666,0
2013-05-01,243717.32667,11.73958333333333,0
2013-05-02,235878.621272,13.756249999999996,0
2013-05-03,217107.051306,16.187499999999996,0
2013-05-04,199512.495656,13.181250000000004,0
2013-05-05,214204.391032,11.564583333333337,0
2013-05-06,234399.246666,13.108333333333333,0
2013-05-07,237556.231562,14.599999999999996,0
2013-05-08,229976.66002,18.477083333333333,0
2013-05-09,226340.859044,18.402083333333337,0
2013-05-10,214835.266042,18.70208333333333,0
2013-05-11,187324.69621400005,20.122916666666672,0
2013-05-12,198070.094076,17.289583333333336,0
2013-05-13,233735.6918,11.25625,0
2013-05-14,244361.006856,11.089583333333335,0
2013-05-15,242824.28154200004,12.693749999999996,0
2013-05-16,247263.514012,11.774999999999997,0
2013-05-17,230478.321472,12.391666666666667,0
2013-05-18,210492.688498,11.352083333333333,0
2013-05-19,215345.62326600004,13.208333333333329,0
2013-05-20,252061.510086,11.322916666666666,0
2013-05-21,246033.3295860001,10.9125,0
2013-05-22,253263.0641020001,10.5625,0
2013-05-23,247100.26288600004,11.485416666666666,0
2013-05-24,230586.71578000003,12.625,0
2013-05-25,202462.33040399995,14.53333333333333,0
2013-05-26,215546.25033,13.75,0
2013-05-27,247604.34917399992,10.764583333333334,0
2013-05-28,244187.121782,13.591666666666669,0
2013-05-29,237587.680122,15.922916666666666,0
2013-05-30,243761.139822,14.635416666666664,0
2013-05-31,222967.37815599996,15.74791666666666,0
2013-06-01,205943.481602,13.520833333333334,0
2013-06-02,218168.67514800004,13.239583333333336,0
2013-06-03,246652.525944,13.364583333333334,0
2013-06-04,245562.654986,13.435416666666674,0
2013-06-05,248313.051234,13.2875,0
2013-06-06,240387.519416,14.32291666666667,0
2013-06-07,234380.48901200003,9.55625,0
2013-06-08,210940.437238,10.249999999999998,0
2013-06-09,211716.078024,10.575,1
2013-06-10,221161.261304,13.116666666666664,1
2013-06-11,249769.018576,12.199999999999998,0
2013-06-12,256707.428898,11.802083333333334,0
2013-06-13,255718.52681000004,11.954166666666667,0
2013-06-14,241833.50597000003,11.664583333333333,0
2013-06-15,217436.572584,11.229166666666664,0
2013-06-16,228016.28378000003,10.17708333333333,0
2013-06-17,260797.17550400004,10.733333333333333,0
2013-06-18,255471.32786799996,10.304166666666664,0
2013-06-19,259762.90006600003,8.372916666666667,0
2013-06-20,260511.84771199984,8.116666666666665,0
2013-06-21,242269.730964,8.229166666666666,0
2013-06-22,216257.622174,7.8541666666666705,0
2013-06-23,230191.695502,7.693749999999997,0
2013-06-24,265476.266246,9.322916666666666,0
2013-06-25,257873.027218,9.402083333333332,0
2013-06-26,258796.2313060001,9.91666666666667,0
2013-06-27,253606.37925999996,11.437499999999998,0
2013-06-28,235729.1176,11.297916666666667,0
2013-06-29,217255.618184,8.870833333333335,0
2013-06-30,214798.16632999995,14.3375,0
2013-07-01,240635.001462,14.468750000000002,0
2013-07-02,235908.596852,13.86875,0
2013-07-03,239024.382158,12.272916666666667,0
2013-07-04,247078.881108,12.545833333333333,0
2013-07-05,235143.2349520001,11.435416666666669,0
2013-07-06,213209.6228500001,10.347916666666668,0
2013-07-07,226840.66823,8.602083333333333,0
2013-07-08,258172.031214,8.31666666666667,0
2013-07-09,262219.85948000004,8.024999999999997,0
2013-07-10,258124.21938400003,8.793750000000001,0
2013-07-11,258561.64816200003,10.091666666666669,0
2013-07-12,233327.485816,12.537499999999994,0
2013-07-13,211996.59834599996,13.695833333333333,0
2013-07-14,219386.25720000005,14.356249999999998,0
2013-07-15,238228.868814,14.435416666666669,0
2013-07-16,239249.34649400003,13.708333333333334,0
2013-07-17,234447.0381000001,15.616666666666664,0
2013-07-18,229582.290338,17.247916666666665,0
2013-07-19,224420.703046,11.883333333333336,0
2013-07-20,224412.76878800007,6.947916666666669,0
2013-07-21,231096.80450799997,8.2,0
2013-07-22,259542.431106,10.585416666666672,0
2013-07-23,257035.32463,11.81875,0
2013-07-24,256066.265026,10.295833333333334,0
2013-07-25,258448.192152,10.135416666666666,0
2013-07-26,233263.783316,11.452083333333336,0
2013-07-27,205631.81778400004,13.12083333333333,0
2013-07-28,216147.8666179999,14.460416666666667,0
2013-07-29,233208.230474,14.258333333333338,0
2013-07-30,246141.56615600004,9.935416666666669,0
2013-07-31,246859.681536,10.754166666666668,0
2013-08-01,245000.1676,10.793750000000005,0
2013-08-02,241986.215384,9.608333333333333,0
2013-08-03,217310.19849600003,9.987499999999995,0
2013-08-04,220621.359922,12.208333333333329,0
2013-08-05,243980.765278,13.477083333333333,0
2013-08-06,247194.5065400001,11.20625,0
2013-08-07,256443.1607619999,9.535416666666668,0
2013-08-08,251523.41732800004,10.879166666666665,0
2013-08-09,248751.72150800005,10.800000000000002,0
2013-08-10,203416.219498,12.516666666666667,0
2013-08-11,210791.278442,13.366666666666664,0
2013-08-12,247929.26898799997,10.810416666666669,0
2013-08-13,239095.12159600004,13.145833333333336,0
2013-08-14,253382.525762,10.06875,0
2013-08-15,239606.83093999996,12.9375,0
2013-08-16,220297.80350999997,13.33125,0
2013-08-17,202862.36552200004,12.366666666666664,0
2013-08-18,215869.61094799996,11.966666666666674,0
2013-08-19,257380.25610400003,8.108333333333336,0
2013-08-20,257475.216622,9.383333333333336,0
2013-08-21,249328.277546,11.325,0
2013-08-22,248276.801988,12.72916666666667,0
2013-08-23,235639.541648,12.625000000000002,0
2013-08-24,204309.543072,13.739583333333336,0
2013-08-25,210903.866402,14.333333333333334,0
2013-08-26,233169.87818600005,14.310416666666669,0
2013-08-27,227170.057654,15.65625,0
2013-08-28,222017.704912,18.11666666666667,0
2013-08-29,223549.46936200003,17.645833333333332,0
2013-08-30,208105.391058,14.922916666666667,0
2013-08-31,179646.225814,17.78333333333333,0
2013-09-01,187085.20698,19.202083333333327,0
2013-09-02,215623.396324,15.481250000000005,0
2013-09-03,217123.78450000004,19.731250000000006,0
2013-09-04,219606.49594,21.98125,0
2013-09-05,224997.128514,14.439583333333331,0
2013-09-06,215055.9686820001,13.104166666666664,0
2013-09-07,189351.622032,13.087499999999997,0
2013-09-08,195017.144056,15.06875,0
2013-09-09,216875.69928200005,17.829166666666673,0
2013-09-10,224929.70317,13.208333333333329,0
2013-09-11,228292.9643700001,12.577083333333336,0
2013-09-12,235357.07995600003,9.527083333333332,0
2013-09-13,222263.77039400005,12.595833333333331,0
2013-09-14,188306.987562,14.125000000000004,0
2013-09-15,191905.101246,17.333333333333332,0
2013-09-16,231469.72439599995,13.775,0
2013-09-17,222133.18463,15.258333333333336,0
2013-09-18,230611.55337400004,13.04375,0
2013-09-19,231392.190824,13.358333333333333,0
2013-09-20,218806.69366999995,11.547916666666666,0
2013-09-21,186648.72529,15.310416666666669,0
2013-09-22,190529.3193,15.254166666666665,0
2013-09-23,214227.19866,20.385416666666664,0
2013-09-24,213304.60388800007,20.054166666666667,0
2013-09-25,215057.929664,17.364583333333332,0
2013-09-26,225412.37557799995,11.75625,0
2013-09-27,204467.09186200003,14.279166666666669,0
2013-09-28,188874.14049799996,12.122916666666663,0
2013-09-29,186166.045566,18.39583333333333,0
2013-09-30,215053.60162400003,19.985416666666676,0
2013-10-01,220278.272068,12.65,0
2013-10-02,226746.116352,12.060416666666669,0
2013-10-03,224373.62105,11.420833333333334,0
2013-10-04,201249.424746,16.752083333333328,0
2013-10-05,181510.38059200003,17.0125,0
2013-10-06,196758.27163,12.66041666666667,0
2013-10-07,215586.78255799992,14.214583333333335,0
2013-10-08,212308.216306,16.962500000000002,0
2013-10-09,216136.767176,22.152083333333334,0
2013-10-10,222738.411522,12.983333333333334,0
2013-10-11,198125.035232,16.058333333333334,0
2013-10-12,175573.52629799998,18.58541666666667,0
2013-10-13,205784.620412,10.766666666666667,0
2013-10-14,227225.561056,11.741666666666667,0
2013-10-15,216461.75866600004,15.904166666666669,0
2013-10-16,214465.325134,18.983333333333334,0
2013-10-17,226397.383938,10.870833333333332,0
2013-10-18,199667.101374,17.352083333333333,0
2013-10-19,179224.34057400006,21.71250000000001,0
2013-10-20,198683.416962,21.262500000000003,0
2013-10-21,224253.05067000008,13.93541666666666,0
2013-10-22,228474.867834,14.527083333333332,0
2013-10-23,228026.51766600003,11.562499999999998,0
2013-10-24,232606.25045800005,10.891666666666673,0
2013-10-25,214620.77988999995,12.939583333333337,0
2013-10-26,190881.645346,13.270833333333334,0
2013-10-27,203892.6756,13.966666666666669,0
2013-10-28,226538.82503400004,14.170833333333334,0
2013-10-29,226255.144254,14.31041666666666,0
2013-10-30,224019.99382,14.616666666666674,0
2013-10-31,219892.32213,13.977083333333333,0
2013-11-01,201678.339604,17.218750000000004,0
2013-11-02,181660.81399800003,18.34583333333333,0
2013-11-03,191796.61458599995,13.379166666666668,0
2013-11-04,196133.813384,13.575,1
2013-11-05,194519.734706,19.09375,1
2013-11-06,226518.88148200003,24.841666666666665,0
2013-11-07,224025.054078,16.627083333333335,0
2013-11-08,211433.868784,13.760416666666671,0
2013-11-09,188179.41877200003,13.143749999999995,0
2013-11-10,198265.757368,13.864583333333329,0
2013-11-11,225978.90944600003,14.48125,0
2013-11-12,234501.076184,12.137499999999998,0
2013-11-13,237061.99457199997,13.135416666666666,0
2013-11-14,226116.71502,14.108333333333333,0
2013-11-15,209061.30108000003,14.550000000000002,0
2013-11-16,184348.197112,14.543749999999996,0
2013-11-17,193849.222442,15.949999999999998,0
2013-11-18,222904.10306399997,22.08125,0
2013-11-19,227004.82737599997,19.04791666666668,0
2013-11-20,222540.61283199996,14.895833333333336,0
2013-11-21,216889.874848,17.34375,0
2013-11-22,202296.78331600004,16.618750000000002,0
2013-11-23,182051.87889,15.170833333333333,0
2013-11-24,192197.872922,15.945833333333333,0
2013-11-25,211510.06227,16.733333333333327,0
2013-11-26,222130.23575400005,22.597916666666663,0
2013-11-27,245040.198624,27.814583333333346,0
2013-11-28,221510.12553,15.749999999999998,0
2013-11-29,204013.711498,15.075000000000005,0
2013-11-30,178599.89691199997,15.485416666666673,0
2013-12-01,206547.643936,26.579166666666666,0
2013-12-02,256861.451332,23.42708333333333,0
2013-12-03,234909.433802,19.945833333333333,0
2013-12-04,218428.9957920001,14.362499999999995,0
2013-12-05,224455.7076039999,11.781250000000002,0
2013-12-06,200192.15141199992,15.579166666666664,0
2013-12-07,177414.18995,21.04791666666666,0
2013-12-08,199293.26027800003,21.18125,0
2013-12-09,218528.61032599997,15.2125,0
2013-12-10,212734.20025,17.064583333333335,0
2013-12-11,215011.425796,15.64583333333333,0
2013-12-12,214993.47879199995,18.820833333333336,0
2013-12-13,206504.81654799997,17.314583333333335,0
2013-12-14,180247.18830800004,16.237499999999997,0
2013-12-15,193253.553056,17.031249999999996,0
2013-12-16,219991.93360200003,16.925,0
2013-12-17,225126.095924,16.98958333333333,0
2013-12-18,243686.64752399997,21.720833333333328,0
2013-12-19,288719.964068,29.28958333333333,0
2013-12-20,220660.72389800008,18.44583333333333,0
2013-12-21,194898.909304,19.3375,0
2013-12-22,200058.040276,20.535416666666663,0
2013-12-23,195748.837328,15.447916666666666,0
2013-12-24,182166.29285200004,17.635416666666664,1
2013-12-25,178485.823248,25.222916666666663,1
2013-12-26,184792.15426999997,19.754166666666663,1
2013-12-27,188069.028852,18.79791666666667,0
2013-12-28,188395.22298200004,20.62083333333334,0
2013-12-29,174850.71142,16.089583333333334,0
2013-12-30,183444.108,16.881249999999998,0
2013-12-31,179461.314732,20.4625,1
2014-01-01,179453.79367199994,20.03125,1
2014-01-02,190778.816406,17.4875,0
2014-01-03,182892.12126200003,17.718750000000004,0
2014-01-04,171285.81189399995,16.575000000000003,0
2014-01-05,179734.29960399994,17.606250000000003,0
2014-01-06,199140.401994,16.210416666666667,0
2014-01-07,200055.76883199997,15.727083333333333,0
2014-01-08,206971.02068200003,19.829166666666666,0
2014-01-09,235147.086502,26.47083333333333,0
2014-01-10,250119.336336,25.862500000000008,0
2014-01-11,191894.483412,18.475,0
2014-01-12,201830.971822,18.479166666666664,0
2014-01-13,270421.12175800005,25.47916666666666,0
2014-01-14,343676.26081600005,36.31458333333335,0
2014-01-15,338575.9543040001,32.166666666666664,0
2014-01-16,351459.55845400004,33.63125,0
2014-01-17,301444.11749999993,28.62916666666666,0
2014-01-18,202881.02354599995,19.056249999999995,0
2014-01-19,202309.73591999995,20.112500000000008,0
2014-01-20,228903.0224400001,19.67083333333333,0
2014-01-21,221023.29302,18.891666666666666,0
2014-01-22,220122.773076,18.3125,0
2014-01-23,246752.551622,23.22916666666666,0
2014-01-24,205657.9024740001,18.34166666666667,0
2014-01-25,176759.71319399998,17.227083333333336,0
2014-01-26,187055.103518,22.808333333333334,1
2014-01-27,257265.786436,29.78541666666666,1
2014-01-28,304768.8680820001,27.297916666666666,0
2014-01-29,237680.70536999995,19.518750000000004,0
2014-01-30,263565.98409199994,23.35208333333333,0
2014-01-31,246880.87037,22.041666666666668,0
2014-02-01,238540.180718,23.950000000000003,0
2014-02-02,292086.671658,30.777083333333337,0
2014-02-03,243185.40997800004,19.358333333333334,0
2014-02-04,222055.91003800003,19.5125,0
2014-02-05,242973.48301,23.437500000000004,0
2014-02-06,286279.4237499999,29.56666666666666,0
2014-02-07,267136.732442,23.679166666666664,0
2014-02-08,283426.42033,32.83125,0
2014-02-09,230975.544258,22.20833333333333,0
2014-02-10,226459.192184,19.175,0
2014-02-11,242780.207706,21.33333333333333,0
2014-02-12,256704.661222,23.18125,0
2014-02-13,247893.870954,23.274999999999995,0
2014-02-14,230960.391106,23.93125000000001,0
2014-02-15,202115.42365199997,21.875,0
2014-02-16,187784.771052,19.03125,0
2014-02-17,220022.598662,19.51875,0
2014-02-18,235399.875942,22.518749999999997,0
2014-02-19,216270.830002,16.833333333333332,0
2014-02-20,213731.71322799992,16.3875,0
2014-02-21,201521.370966,16.829166666666662,0
2014-02-22,180308.01558400004,17.075,0
2014-02-23,192107.094128,18.525,0
2014-02-24,227675.124158,20.304166666666664,0
2014-02-25,235958.317388,21.42083333333333,0
2014-02-26,219240.905702,17.604166666666668,0
2014-02-27,215884.19098200003,16.929166666666664,0
2014-02-28,206025.972764,18.972916666666663,0
2014-03-01,187941.28602800003,19.79583333333333,0
2014-03-02,197756.07056599995,18.339583333333334,0
2014-03-03,233329.911902,20.55416666666667,0
2014-03-04,260334.545326,27.18125000000001,0
2014-03-05,225376.21575,17.13333333333333,0
2014-03-06,215905.10943800004,17.435416666666672,0
2014-03-07,204575.213042,19.325,0
2014-03-08,191214.589522,22.566666666666663,0
2014-03-09,205630.99458599996,26.92291666666667,1
2014-03-10,227533.71741000007,24.235416666666666,1
2014-03-11,238895.66987399996,22.07083333333333,0
2014-03-12,218264.51211,17.487499999999997,0
2014-03-13,219420.569336,18.37708333333333,0
2014-03-14,214167.57328200003,22.45,0
2014-03-15,182504.880162,18.91041666666666,0
2014-03-16,187690.550476,17.374999999999996,0
2014-03-17,216296.045462,19.445833333333336,0
2014-03-18,216972.098092,18.702083333333327,0
2014-03-19,216199.678702,16.96666666666667,0
2014-03-20,229434.035076,23.63958333333333,0
2014-03-21,208392.79631199996,17.252083333333324,0
2014-03-22,181547.74106400003,16.26875,0
2014-03-23,193571.11214,14.987499999999995,0
2014-03-24,215262.250338,15.677083333333329,0
2014-03-25,212847.82843600004,19.452083333333327,0
2014-03-26,219637.279488,20.60833333333333,0
2014-03-27,221694.062934,20.68958333333333,0
2014-03-28,202756.95142400003,17.381249999999998,0
2014-03-29,180545.945262,18.910416666666663,0
2014-03-30,196275.573418,20.535416666666677,0
2014-03-31,237769.75035,25.495833333333334,0
2014-04-01,256763.04432000004,27.777083333333334,0
2014-04-02,229257.624274,18.50208333333333,0
2014-04-03,221861.80853,16.22083333333334,0
2014-04-04,208583.519436,17.527083333333334,0
2014-04-05,184721.5134120001,18.08124999999999,0
2014-04-06,192670.756734,18.28125,0
2014-04-07,222689.2666500001,20.81458333333334,0
2014-04-08,227183.528846,17.910416666666663,0
2014-04-09,223913.390974,17.156250000000004,0
2014-04-10,223286.47268000004,17.856250000000006,0
2014-04-11,211745.22620400004,17.03541666666666,0
2014-04-12,185079.46091,17.275000000000002,0
2014-04-13,191040.71444200003,16.354166666666668,0
2014-04-14,215382.04228800003,16.22291666666667,0
2014-04-15,217063.958546,15.393750000000004,0
2014-04-16,219246.86901600004,15.89166666666666,0
2014-04-17,200415.68068399996,18.708333333333336,1
2014-04-18,178515.15864000004,14.25,1
2014-04-19,183515.320284,14.245833333333332,0
2014-04-20,178330.86921799998,15.222916666666668,1
2014-04-21,192412.864186,16.933333333333334,1
2014-04-22,223569.558168,14.327083333333333,0
2014-04-23,218062.377284,15.847916666666665,0
2014-04-24,210664.81504399996,12.722916666666665,1
2014-04-25,184401.6732739999,16.8625,1
2014-04-26,190042.56966600005,13.325000000000005,0
2014-04-27,199400.457742,12.154166666666669,0
2014-04-28,221864.89015599992,20.608333333333334,0
2014-04-29,229637.723374,13.91666666666667,0
2014-04-30,231216.580272,11.82291666666667,0
2014-05-01,232595.49243000004,13.197916666666664,0
2014-05-02,225920.25932199997,11.852083333333336,0
2014-05-03,201530.737076,12.66041666666667,0
2014-05-04,216453.73074,11.833333333333334,0
2014-05-05,240588.40534199995,13.102083333333333,0
2014-05-06,241878.063876,12.591666666666663,0
2014-05-07,243487.644488,10.541666666666666,0
2014-05-08,239157.13939200004,12.149999999999997,0
2014-05-09,222735.955094,15.870833333333332,0
2014-05-10,202476.104312,12.883333333333336,0
2014-05-11,205734.78280199997,13.35,0
2014-05-12,231334.71114199996,13.089583333333332,0
2014-05-13,228369.58268,14.549999999999995,0
2014-05-14,219667.14746800004,17.35208333333333,0
2014-05-15,215109.341814,18.904166666666665,0
2014-05-16,204493.397012,19.02708333333333,0
2014-05-17,184163.675072,18.729166666666668,0
2014-05-18,193396.371104,18.625000000000004,0
2014-05-19,221011.752608,18.508333333333336,0
2014-05-20,225900.5847720001,15.570833333333333,0
2014-05-21,219701.671062,19.158333333333328,0
2014-05-22,224231.47753000003,18.339583333333326,0
2014-05-23,212574.05801800004,15.087500000000004,0
2014-05-24,191783.77647,14.820833333333333,0
2014-05-25,202366.010362,16.27083333333333,0
2014-05-26,226178.859834,19.6375,0
2014-05-27,228633.44351,15.847916666666665,0
2014-05-28,233004.68179199996,13.81666666666667,0
2014-05-29,236834.13105999984,11.508333333333333,0
2014-05-30,219272.761774,13.397916666666664,0
2014-05-31,194781.7593800001,14.87708333333333,0
2014-06-01,213518.30921,13.527083333333335,0
2014-06-02,234324.50772999992,14.516666666666673,0
2014-06-03,233968.956476,13.925,0
2014-06-04,231273.146874,13.975,0
2014-06-05,236231.06358800005,12.177083333333336,0
2014-06-06,222631.40899399997,13.195833333333336,0
2014-06-07,197058.108876,13.652083333333335,0
2014-06-08,201988.91974400004,11.495833333333332,1
2014-06-09,216225.03989,12.537500000000003,1
2014-06-10,239588.71761,11.8375,0
2014-06-11,239691.47752200003,13.195833333333333,0
2014-06-12,244178.765394,13.9,0
2014-06-13,226974.040158,13.422916666666666,0
2014-06-14,207754.74386000008,12.854166666666666,0
2014-06-15,215252.0678,12.727083333333333,0
2014-06-16,244563.76235199987,12.38125,0
2014-06-17,244186.23318200005,13.050000000000002,0
2014-06-18,248071.158946,11.652083333333335,0
2014-06-19,251211.567066,11.49375,0
2014-06-20,227695.34085,13.208333333333334,0
2014-06-21,208215.028772,11.893750000000002,0
2014-06-22,215263.32335,13.883333333333338,0
2014-06-23,255312.99687,9.829166666666666,0
2014-06-24,257708.475424,11.616666666666667,0
2014-06-25,245740.91473399996,13.377083333333331,0
2014-06-26,243261.90823400003,13.177083333333334,0
2014-06-27,232114.37257,12.26041666666667,0
2014-06-28,216421.11403200004,10.689583333333331,0
2014-06-29,234713.824438,8.402083333333335,0
2014-06-30,256432.11321800007,10.772916666666664,0
2014-07-01,253925.1,12.397916666666664,0
2014-07-02,245274.93123800008,12.133333333333333,0
2014-07-03,248644.0000580001,9.6375,0
2014-07-04,236728.7626699999,11.062500000000004,0
2014-07-05,214491.68879399996,12.116666666666664,0
2014-07-06,224737.32538799997,11.187500000000002,0
2014-07-07,243230.68101000003,11.579166666666667,0
2014-07-08,243674.4522780001,12.670833333333333,0
2014-07-09,260676.7811679999,9.052083333333334,0
2014-07-10,256621.284534,11.002083333333331,0
2014-07-11,237739.226414,11.008333333333328,0
2014-07-12,226093.877854,8.099999999999998,0
2014-07-13,233073.068108,10.895833333333334,0
2014-07-14,259807.450852,10.489583333333332,0
2014-07-15,263882.948698,11.189583333333331,0
2014-07-16,252254.52363,11.5375,0
2014-07-17,263494.09253,8.727083333333336,0
2014-07-18,242605.1636460001,10.254166666666665,0
2014-07-19,219000.545806,10.550000000000002,0
2014-07-20,230301.30367400005,8.891666666666667,0
2014-07-21,265258.000322,8.983333333333333,0
2014-07-22,269017.14364399994,7.712499999999999,0
2014-07-23,267756.203662,9.660416666666665,0
2014-07-24,264287.19763,12.699999999999998,0
2014-07-25,240850.7144519999,13.797916666666664,0
2014-07-26,219150.48975799995,11.722916666666668,0
2014-07-27,223719.294068,12.672916666666667,0
2014-07-28,240774.13844400004,13.422916666666673,0
2014-07-29,243977.45210200004,15.02083333333333,0
2014-07-30,237340.16401000004,16.027083333333334,0
2014-07-31,246268.27875600004,10.016666666666666,0
2014-08-01,256300.68694,6.616666666666667,0
2014-08-02,224848.26870999995,6.570833333333336,0
2014-08-03,234939.60327400008,7.735416666666663,0
2014-08-04,254525.90629800005,10.166666666666668,0
2014-08-05,246166.17552,13.679166666666672,0
2014-08-06,248486.753014,12.579166666666667,0
2014-08-07,250243.109892,11.831250000000002,0
2014-08-08,235533.96611000007,11.624999999999998,0
2014-08-09,209875.21425199995,12.585416666666667,0
2014-08-10,233106.785612,8.564583333333333,0
2014-08-11,264149.066888,9.210416666666667,0
2014-08-12,259779.93245800008,10.356249999999998,0
2014-08-13,251804.763794,11.9,0
2014-08-14,252055.908686,9.445833333333336,0
2014-08-15,233290.968636,10.862500000000002,0
2014-08-16,214252.497818,11.189583333333337,0
2014-08-17,222428.32252,12.341666666666669,0
2014-08-18,251784.77178599997,11.664583333333338,0
2014-08-19,249258.06705400004,11.6125,0
2014-08-20,248334.588574,11.072916666666664,0
2014-08-21,240843.165426,12.2625,0
2014-08-22,219630.92873200003,13.474999999999996,0
2014-08-23,194989.819022,16.018750000000004,0
2014-08-24,216726.15083399997,12.922916666666666,0
2014-08-25,242555.08014,12.079166666666673,0
2014-08-26,234808.219472,12.720833333333331,0
2014-08-27,233872.332688,12.975,0
2014-08-28,232226.15703400003,13.69166666666667,0
2014-08-29,220455.436476,12.639583333333334,0
2014-08-30,189484.267842,15.512499999999996,0
2014-08-31,199400.642356,17.820833333333333,0
2014-09-01,242017.612732,11.122916666666663,0
2014-09-02,240054.73092599996,11.35625,0
2014-09-03,243807.01931,10.314583333333331,0
2014-09-04,241085.949472,10.839583333333332,0
2014-09-05,220571.616498,11.487500000000006,0
2014-09-06,192111.115122,13.010416666666664,0
2014-09-07,194062.181102,15.585416666666667,0
2014-09-08,218767.211296,19.08333333333333,0
2014-09-09,224288.83769800005,15.00208333333334,0
2014-09-10,222135.61076,15.745833333333325,0
2014-09-11,231707.876088,11.360416666666667,0
2014-09-12,221339.77348,11.09791666666667,0
2014-09-13,188973.091828,12.758333333333336,0
2014-09-14,196517.93157400005,14.266666666666667,0
2014-09-15,228314.27360799996,14.599999999999994,0
2014-09-16,237274.588706,11.9875,0
2014-09-17,239348.71753799997,10.795833333333327,0
2014-09-18,239856.449784,11.033333333333326,0
2014-09-19,218820.54783,12.970833333333331,0
2014-09-20,195108.747578,13.447916666666666,0
2014-09-21,198081.304142,11.958333333333334,0
2014-09-22,215998.5163,16.758333333333336,0
2014-09-23,211946.94516200005,20.14166666666667,0
2014-09-24,216627.30603400004,16.991666666666664,0
2014-09-25,219091.64609600007,13.335416666666662,0
2014-09-26,205886.04539000004,14.36875,0
2014-09-27,177656.73652,19.03333333333333,0
2014-09-28,187456.53942,20.693750000000005,0
2014-09-29,211239.06453,18.285416666666663,0
2014-09-30,223372.81082999997,12.65833333333334,0
2014-10-01,225932.94118,12.439583333333337,0
2014-10-02,221515.20713,13.772916666666667,0
2014-10-03,202273.69091800004,14.068749999999994,0
2014-10-04,177770.44379600004,19.93958333333333,0
2014-10-05,190926.22499199997,14.064583333333331,0
2014-10-06,222069.61249999996,17.520833333333332,0
2014-10-07,219412.529184,13.302083333333336,0
2014-10-08,221140.1845,14.647916666666664,0
2014-10-09,215473.15970600003,18.20208333333333,0
2014-10-10,202452.583772,18.729166666666668,0
2014-10-11,182286.0299,15.266666666666664,0
2014-10-12,195269.66442,16.35,0
2014-10-13,229318.27055799996,11.674999999999995,0
2014-10-14,229538.89525800003,12.18125,0
2014-10-15,222272.50014600003,13.614583333333336,0
2014-10-16,224645.981322,13.177083333333336,0
2014-10-17,202594.066892,13.699999999999998,0
2014-10-18,185118.738696,20.954166666666666,0
2014-10-19,197279.10695800005,16.593750000000004,0
2014-10-20,216419.854056,14.716666666666669,0
2014-10-21,223409.68419400003,22.062500000000004,0
2014-10-22,233136.21632999997,21.78124999999999,0
2014-10-23,223275.96541200005,17.62291666666667,0
2014-10-24,218285.750496,19.929166666666664,0
2014-10-25,188066.247254,15.954166666666673,0
2014-10-26,194571.049822,19.714583333333326,0
2014-10-27,217138.21029000005,14.893750000000002,0
2014-10-28,221338.76858199996,15.050000000000002,0
2014-10-29,217882.08505199995,16.93333333333334,0
2014-10-30,218436.10897200005,16.252083333333335,0
2014-10-31,215365.87126999997,23.341666666666672,0
2014-11-01,185613.979384,12.341666666666669,0
2014-11-02,194301.42349,13.602083333333342,0
2014-11-03,192383.67014399997,18.547916666666666,1
2014-11-04,195756.9946920001,19.339583333333334,1
2014-11-05,209441.397058,14.4125,0
2014-11-06,211456.20431800003,17.491666666666664,0
2014-11-07,220607.43395799992,26.652083333333326,0
2014-11-08,197080.37404399997,19.658333333333328,0
2014-11-09,189809.442916,15.65833333333333,0
2014-11-10,214646.248292,15.816666666666665,0
2014-11-11,216709.71934200003,14.24375,0
2014-11-12,222673.890032,18.649999999999995,0
2014-11-13,242889.60426599992,26.849999999999994,0
2014-11-14,208614.905076,15.45833333333333,0
2014-11-15,185783.6834,13.91875,0
2014-11-16,192814.840826,15.424999999999995,0
2014-11-17,210470.70014400003,15.460416666666667,0
2014-11-18,209921.41271200008,16.231249999999992,0
2014-11-19,221431.130146,25.02916666666667,0
2014-11-20,226750.940726,21.40625,0
2014-11-21,205537.28624800005,18.010416666666664,0
2014-11-22,191518.0647320001,23.075,0
2014-11-23,201545.16429400005,19.44583333333333,0
2014-11-24,222978.848636,15.014583333333334,0
2014-11-25,214318.76521,16.266666666666666,0
2014-11-26,218321.45640199995,15.704166666666666,0
2014-11-27,214602.85476000005,15.297916666666667,0
2014-11-28,202017.012448,16.593750000000004,0
2014-11-29,189653.75810800004,20.13958333333333,0
2014-11-30,234970.33666,28.556249999999995,0
2014-12-01,237812.592388,20.64166666666667,0
2014-12-02,233357.41215,19.83333333333333,0
2014-12-03,227035.835506,19.61666666666667,0
2014-12-04,237118.63400000008,21.70208333333333,0
2014-12-05,212851.310106,18.352083333333333,0
2014-12-06,186401.9618360001,17.35625,0
2014-12-07,197754.22393199996,16.175,0
2014-12-08,217256.016586,17.747916666666672,0
2014-12-09,217397.453788,17.049999999999994,0
2014-12-10,220243.29140600003,18.504166666666663,0
2014-12-11,214419.28393400004,17.96875,0
2014-12-12,211567.787782,21.441666666666663,0
2014-12-13,207394.681764,26.131250000000005,0
2014-12-14,206976.350998,19.91875,0
2014-12-15,231923.044018,19.920833333333334,0
2014-12-16,226093.76766999997,19.25,0
2014-12-17,215507.67707600008,17.675000000000004,0
2014-12-18,214934.02246,16.520833333333336,0
2014-12-19,197129.766534,16.543749999999996,0
2014-12-20,186486.89667,18.50625,0
2014-12-21,216483.63168999995,24.03125,0
2014-12-22,231957.37196599992,22.950000000000003,0
2014-12-23,210444.465956,18.829166666666676,0
2014-12-24,184197.155182,18.3125,1
2014-12-25,165398.20057800002,16.933333333333326,1
2014-12-26,168797.125272,16.429166666666664,1
2014-12-27,173292.32567199995,18.18958333333333,0
2014-12-28,196116.228892,24.53958333333333,0
2014-12-29,188570.258296,17.677083333333332,0
2014-12-30,183145.347772,17.370212765957447,0
